"","Date","Surveyor","Camera_Number","MAX_depth_ft","Site","Area_surveyed_m2","AGLO_size_cm","AGLO_partial_mortality","ICRA_percent_partial_mortality","Notes","Sheet_Name","...11","...12","...13","...14","...15","...16","...17","...18","...19","...20","...21","...22","MAX_depth_m","Lat","Long","AGLO_pres","ICRA_pres","AGLO_count","ICRA_count"
"1",2025-02-07,"ES",2,38,"TUT-210",60,NA,NA,5,NA,"ES_size_PM",NA,NA,NA,NA,NA,NA,NA,NA,NA,NA,NA,NA,11.5824,-14.301899,-170.679903,1,1,1,10
"2",2025-02-07,"ES",2,38,"TUT-210",60,NA,NA,10,NA,"ES_size_PM",NA,NA,NA,NA,NA,NA,NA,NA,NA,NA,NA,NA,11.5824,-14.301899,-170.679903,1,1,1,10
"3",2025-02-07,"ES",2,38,"TUT-210",60,NA,NA,5,NA,"ES_size_PM",NA,NA,NA,NA,NA,NA,NA,NA,NA,NA,NA,NA,11.5824,-14.301899,-170.679903,1,1,1,10
"4",2025-02-07,"ES",2,45,"TUT-211",60,55,1,NA,"No ICRA at site","ES_size_PM",NA,NA,NA,NA,NA,NA,NA,NA,NA,NA,NA,NA,13.716,-14.360358,-170.748776,1,1,3,1
"5",2025-02-07,"ES",2,45,"TUT-211",60,22.5,5,NA,NA,"ES_size_PM",NA,NA,NA,NA,NA,NA,NA,NA,NA,NA,NA,NA,13.716,-14.360358,-170.748776,1,1,3,1
"6",2025-02-07,"ES",2,50,"TUT-212",60,NA,NA,15,NA,"ES_size_PM",NA,NA,NA,NA,NA,NA,NA,NA,NA,NA,NA,NA,15.24,-14.338095,-170.793296,1,1,1,40
"7",2025-02-07,"ES",2,50,"TUT-212",60,NA,NA,1,NA,"ES_size_PM",NA,NA,NA,NA,NA,NA,NA,NA,NA,NA,NA,NA,15.24,-14.338095,-170.793296,1,1,1,40
"8",2025-02-07,"ES",2,50,"TUT-212",60,NA,NA,5,NA,"ES_size_PM",NA,NA,NA,NA,NA,NA,NA,NA,NA,NA,NA,NA,15.24,-14.338095,-170.793296,1,1,1,40
"9",2025-02-07,"ES",2,50,"TUT-212",60,NA,NA,7,NA,"ES_size_PM",NA,NA,NA,NA,NA,NA,NA,NA,NA,NA,NA,NA,15.24,-14.338095,-170.793296,1,1,1,40
"10",2025-02-07,"ES",2,50,"TUT-212",60,NA,NA,2,NA,"ES_size_PM",NA,NA,NA,NA,NA,NA,NA,NA,NA,NA,NA,NA,15.24,-14.338095,-170.793296,1,1,1,40
"11",2025-02-07,"ES",2,50,"TUT-212",60,NA,NA,3,NA,"ES_size_PM",NA,NA,NA,NA,NA,NA,NA,NA,NA,NA,NA,NA,15.24,-14.338095,-170.793296,1,1,1,40
"12",2025-02-07,"ES",2,50,"TUT-212",60,NA,NA,0,NA,"ES_size_PM",NA,NA,NA,NA,NA,NA,NA,NA,NA,NA,NA,NA,15.24,-14.338095,-170.793296,1,1,1,40
"13",2025-02-07,"ES",2,50,"TUT-212",60,NA,NA,10,NA,"ES_size_PM",NA,NA,NA,NA,NA,NA,NA,NA,NA,NA,NA,NA,15.24,-14.338095,-170.793296,1,1,1,40
"14",2025-02-07,"ES",2,50,"TUT-212",60,NA,NA,55,NA,"ES_size_PM",NA,NA,NA,NA,NA,NA,NA,NA,NA,NA,NA,NA,15.24,-14.338095,-170.793296,1,1,1,40
"15",2025-02-07,"ES",2,50,"TUT-212",60,NA,NA,80,NA,"ES_size_PM",NA,NA,NA,NA,NA,NA,NA,NA,NA,NA,NA,NA,15.24,-14.338095,-170.793296,1,1,1,40
"16",2025-02-08,"ES",2,50,"TUT-169",60,NA,NA,85,NA,"ES_size_PM",NA,NA,NA,NA,NA,NA,NA,NA,NA,NA,NA,NA,15.24,-14.330384,-170.812348,1,1,0,59
"17",2025-02-08,"ES",2,50,"TUT-169",60,NA,NA,90,NA,"ES_size_PM",NA,NA,NA,NA,NA,NA,NA,NA,NA,NA,NA,NA,15.24,-14.330384,-170.812348,1,1,0,59
"18",2025-02-08,"ES",2,50,"TUT-169",60,NA,NA,5,NA,"ES_size_PM",NA,NA,NA,NA,NA,NA,NA,NA,NA,NA,NA,NA,15.24,-14.330384,-170.812348,1,1,0,59
"19",2025-02-08,"ES",2,50,"TUT-169",60,NA,NA,90,NA,"ES_size_PM",NA,NA,NA,NA,NA,NA,NA,NA,NA,NA,NA,NA,15.24,-14.330384,-170.812348,1,1,0,59
"20",2025-02-08,"ES",2,50,"TUT-169",60,NA,NA,85,NA,"ES_size_PM",NA,NA,NA,NA,NA,NA,NA,NA,NA,NA,NA,NA,15.24,-14.330384,-170.812348,1,1,0,59
"21",2025-02-08,"ES",2,50,"TUT-169",60,NA,NA,90,NA,"ES_size_PM",NA,NA,NA,NA,NA,NA,NA,NA,NA,NA,NA,NA,15.24,-14.330384,-170.812348,1,1,0,59
"22",2025-02-08,"ES",2,50,"TUT-169",60,NA,NA,90,NA,"ES_size_PM",NA,NA,NA,NA,NA,NA,NA,NA,NA,NA,NA,NA,15.24,-14.330384,-170.812348,1,1,0,59
"23",2025-02-08,"ES",2,50,"TUT-169",60,NA,NA,85,NA,"ES_size_PM",NA,NA,NA,NA,NA,NA,NA,NA,NA,NA,NA,NA,15.24,-14.330384,-170.812348,1,1,0,59
"24",2025-02-08,"ES",2,50,"TUT-169",60,NA,NA,97,NA,"ES_size_PM",NA,NA,NA,NA,NA,NA,NA,NA,NA,NA,NA,NA,15.24,-14.330384,-170.812348,1,1,0,59
"25",2025-02-08,"ES",2,50,"TUT-169",60,NA,NA,98,NA,"ES_size_PM",NA,NA,NA,NA,NA,NA,NA,NA,NA,NA,NA,NA,15.24,-14.330384,-170.812348,1,1,0,59
"26",2025-02-08,"ES",2,50,"TUT-169",60,NA,NA,98,NA,"ES_size_PM",NA,NA,NA,NA,NA,NA,NA,NA,NA,NA,NA,NA,15.24,-14.330384,-170.812348,1,1,0,59
"27",2025-02-08,"ES",2,50,"TUT-169",60,NA,NA,90,NA,"ES_size_PM",NA,NA,NA,NA,NA,NA,NA,NA,NA,NA,NA,NA,15.24,-14.330384,-170.812348,1,1,0,59
"28",2025-02-08,"ES",2,50,"TUT-169",60,NA,NA,65,NA,"ES_size_PM",NA,NA,NA,NA,NA,NA,NA,NA,NA,NA,NA,NA,15.24,-14.330384,-170.812348,1,1,0,59
"29",2025-02-08,"ES",2,50,"TUT-169",60,NA,NA,85,NA,"ES_size_PM",NA,NA,NA,NA,NA,NA,NA,NA,NA,NA,NA,NA,15.24,-14.330384,-170.812348,1,1,0,59
"30",2025-02-08,"ES",2,50,"TUT-169",60,NA,NA,80,NA,"ES_size_PM",NA,NA,NA,NA,NA,NA,NA,NA,NA,NA,NA,NA,15.24,-14.330384,-170.812348,1,1,0,59
"31",2025-02-08,"ES",2,50,"TUT-169",60,NA,NA,85,NA,"ES_size_PM",NA,NA,NA,NA,NA,NA,NA,NA,NA,NA,NA,NA,15.24,-14.330384,-170.812348,1,1,0,59
"32",2025-02-08,"ES",2,50,"TUT-169",60,NA,NA,75,NA,"ES_size_PM",NA,NA,NA,NA,NA,NA,NA,NA,NA,NA,NA,NA,15.24,-14.330384,-170.812348,1,1,0,59
"33",2025-02-08,"ES",2,50,"TUT-169",60,NA,NA,25,NA,"ES_size_PM",NA,NA,NA,NA,NA,NA,NA,NA,NA,NA,NA,NA,15.24,-14.330384,-170.812348,1,1,0,59
"34",2025-02-08,"ES",2,33,"TUT-125",60,NA,NA,7,NA,"ES_size_PM",NA,NA,NA,NA,NA,NA,NA,NA,NA,NA,NA,NA,10.0584,-14.349654,-170.788046,1,1,3,22
"35",2025-02-08,"ES",2,33,"TUT-125",60,NA,NA,90,NA,"ES_size_PM",NA,NA,NA,NA,NA,NA,NA,NA,NA,NA,NA,NA,10.0584,-14.349654,-170.788046,1,1,3,22
"36",2025-02-08,"ES",2,33,"TUT-125",60,NA,NA,95,NA,"ES_size_PM",NA,NA,NA,NA,NA,NA,NA,NA,NA,NA,NA,NA,10.0584,-14.349654,-170.788046,1,1,3,22
"37",2025-02-08,"ES",2,33,"TUT-125",60,NA,NA,40,NA,"ES_size_PM",NA,NA,NA,NA,NA,NA,NA,NA,NA,NA,NA,NA,10.0584,-14.349654,-170.788046,1,1,3,22
"38",2025-02-08,"ES",2,33,"TUT-125",60,NA,NA,96,NA,"ES_size_PM",NA,NA,NA,NA,NA,NA,NA,NA,NA,NA,NA,NA,10.0584,-14.349654,-170.788046,1,1,3,22
"39",2025-02-08,"ES",2,34,"TUT-168",60,43,0,15,NA,"ES_size_PM",NA,NA,NA,NA,NA,NA,NA,NA,NA,NA,NA,NA,10.3632,-14.360877,-170.781335,1,1,2,215
"40",2025-02-08,"ES",2,34,"TUT-168",60,NA,NA,15,NA,"ES_size_PM",NA,NA,NA,NA,NA,NA,NA,NA,NA,NA,NA,NA,10.3632,-14.360877,-170.781335,1,1,2,215
"41",2025-02-08,"ES",2,34,"TUT-168",60,NA,NA,90,NA,"ES_size_PM",NA,NA,NA,NA,NA,NA,NA,NA,NA,NA,NA,NA,10.3632,-14.360877,-170.781335,1,1,2,215
"42",2025-02-08,"ES",2,34,"TUT-168",60,NA,NA,8,NA,"ES_size_PM",NA,NA,NA,NA,NA,NA,NA,NA,NA,NA,NA,NA,10.3632,-14.360877,-170.781335,1,1,2,215
"43",2025-02-08,"ES",2,34,"TUT-168",60,NA,NA,30,NA,"ES_size_PM",NA,NA,NA,NA,NA,NA,NA,NA,NA,NA,NA,NA,10.3632,-14.360877,-170.781335,1,1,2,215
"44",2025-02-08,"ES",2,34,"TUT-168",60,NA,NA,90,NA,"ES_size_PM",NA,NA,NA,NA,NA,NA,NA,NA,NA,NA,NA,NA,10.3632,-14.360877,-170.781335,1,1,2,215
"45",2025-02-08,"ES",2,34,"TUT-168",60,NA,NA,80,NA,"ES_size_PM",NA,NA,NA,NA,NA,NA,NA,NA,NA,NA,NA,NA,10.3632,-14.360877,-170.781335,1,1,2,215
"46",2025-02-08,"ES",2,34,"TUT-168",60,NA,NA,10,NA,"ES_size_PM",NA,NA,NA,NA,NA,NA,NA,NA,NA,NA,NA,NA,10.3632,-14.360877,-170.781335,1,1,2,215
"47",2025-02-08,"ES",2,34,"TUT-168",60,NA,NA,5,NA,"ES_size_PM",NA,NA,NA,NA,NA,NA,NA,NA,NA,NA,NA,NA,10.3632,-14.360877,-170.781335,1,1,2,215
"48",2025-02-08,"ES",2,34,"TUT-168",60,NA,NA,3,NA,"ES_size_PM",NA,NA,NA,NA,NA,NA,NA,NA,NA,NA,NA,NA,10.3632,-14.360877,-170.781335,1,1,2,215
"49",2025-02-08,"ES",2,34,"TUT-168",60,NA,NA,30,NA,"ES_size_PM",NA,NA,NA,NA,NA,NA,NA,NA,NA,NA,NA,NA,10.3632,-14.360877,-170.781335,1,1,2,215
"50",2025-02-08,"ES",2,34,"TUT-168",60,NA,NA,35,NA,"ES_size_PM",NA,NA,NA,NA,NA,NA,NA,NA,NA,NA,NA,NA,10.3632,-14.360877,-170.781335,1,1,2,215
"51",2025-02-08,"ES",2,34,"TUT-168",60,NA,NA,3,NA,"ES_size_PM",NA,NA,NA,NA,NA,NA,NA,NA,NA,NA,NA,NA,10.3632,-14.360877,-170.781335,1,1,2,215
"52",2025-02-08,"ES",2,34,"TUT-168",60,NA,NA,10,NA,"ES_size_PM",NA,NA,NA,NA,NA,NA,NA,NA,NA,NA,NA,NA,10.3632,-14.360877,-170.781335,1,1,2,215
"53",2025-02-08,"ES",2,34,"TUT-168",60,NA,NA,80,NA,"ES_size_PM",NA,NA,NA,NA,NA,NA,NA,NA,NA,NA,NA,NA,10.3632,-14.360877,-170.781335,1,1,2,215
"54",2025-02-08,"ES",2,34,"TUT-168",60,NA,NA,10,NA,"ES_size_PM",NA,NA,NA,NA,NA,NA,NA,NA,NA,NA,NA,NA,10.3632,-14.360877,-170.781335,1,1,2,215
"55",2025-02-08,"ES",2,34,"TUT-168",60,NA,NA,85,NA,"ES_size_PM",NA,NA,NA,NA,NA,NA,NA,NA,NA,NA,NA,NA,10.3632,-14.360877,-170.781335,1,1,2,215
"56",2025-02-08,"ES",2,34,"TUT-168",60,NA,NA,4,NA,"ES_size_PM",NA,NA,NA,NA,NA,NA,NA,NA,NA,NA,NA,NA,10.3632,-14.360877,-170.781335,1,1,2,215
"57",2025-02-08,"ES",2,34,"TUT-168",60,NA,NA,15,NA,"ES_size_PM",NA,NA,NA,NA,NA,NA,NA,NA,NA,NA,NA,NA,10.3632,-14.360877,-170.781335,1,1,2,215
"58",2025-02-08,"ES",2,34,"TUT-168",60,NA,NA,90,NA,"ES_size_PM",NA,NA,NA,NA,NA,NA,NA,NA,NA,NA,NA,NA,10.3632,-14.360877,-170.781335,1,1,2,215
"59",2025-02-08,"ES",2,34,"TUT-168",60,NA,NA,0,NA,"ES_size_PM",NA,NA,NA,NA,NA,NA,NA,NA,NA,NA,NA,NA,10.3632,-14.360877,-170.781335,1,1,2,215
"60",2025-02-08,"ES",2,34,"TUT-168",60,NA,NA,10,NA,"ES_size_PM",NA,NA,NA,NA,NA,NA,NA,NA,NA,NA,NA,NA,10.3632,-14.360877,-170.781335,1,1,2,215
"61",2025-02-08,"ES",2,34,"TUT-168",60,NA,NA,40,NA,"ES_size_PM",NA,NA,NA,NA,NA,NA,NA,NA,NA,NA,NA,NA,10.3632,-14.360877,-170.781335,1,1,2,215
"62",2025-02-08,"ES",2,34,"TUT-168",60,NA,NA,80,NA,"ES_size_PM",NA,NA,NA,NA,NA,NA,NA,NA,NA,NA,NA,NA,10.3632,-14.360877,-170.781335,1,1,2,215
"63",2025-02-08,"ES",2,34,"TUT-168",60,NA,NA,70,NA,"ES_size_PM",NA,NA,NA,NA,NA,NA,NA,NA,NA,NA,NA,NA,10.3632,-14.360877,-170.781335,1,1,2,215
"64",2025-02-08,"ES",2,34,"TUT-168",60,NA,NA,70,NA,"ES_size_PM",NA,NA,NA,NA,NA,NA,NA,NA,NA,NA,NA,NA,10.3632,-14.360877,-170.781335,1,1,2,215
"65",2025-02-08,"ES",2,34,"TUT-168",60,NA,NA,65,NA,"ES_size_PM",NA,NA,NA,NA,NA,NA,NA,NA,NA,NA,NA,NA,10.3632,-14.360877,-170.781335,1,1,2,215
"66",2025-02-08,"ES",2,34,"TUT-168",60,NA,NA,50,NA,"ES_size_PM",NA,NA,NA,NA,NA,NA,NA,NA,NA,NA,NA,NA,10.3632,-14.360877,-170.781335,1,1,2,215
"67",2025-02-08,"ES",2,34,"TUT-168",60,NA,NA,0,NA,"ES_size_PM",NA,NA,NA,NA,NA,NA,NA,NA,NA,NA,NA,NA,10.3632,-14.360877,-170.781335,1,1,2,215
"68",2025-02-08,"ES",2,34,"TUT-168",60,NA,NA,85,NA,"ES_size_PM",NA,NA,NA,NA,NA,NA,NA,NA,NA,NA,NA,NA,10.3632,-14.360877,-170.781335,1,1,2,215
"69",2025-02-10,"ES",1,36,"TUT-102",60,NA,NA,NA,"No AGLO or ICRA on transect at all sites on 2/10/2025","ES_size_PM",NA,NA,NA,NA,NA,NA,NA,NA,NA,NA,NA,NA,10.9728,-14.334349,-170.700307,1,0,1,0
"70",2025-02-10,"ES",1,56,"TUT-062",60,NA,NA,NA,NA,"ES_size_PM",NA,NA,NA,NA,NA,NA,NA,NA,NA,NA,NA,NA,17.0688,-14.312694,-170.835819,1,0,3,0
"71",2025-02-10,"ES",1,55,"TUT-069",60,NA,NA,NA,NA,"ES_size_PM",NA,NA,NA,NA,NA,NA,NA,NA,NA,NA,NA,NA,16.764,-14.291243,-170.792502,1,0,1,0
"72",2025-02-10,"ES",1,40,"TUT-202",60,NA,NA,NA,NA,"ES_size_PM",NA,NA,NA,NA,NA,NA,NA,NA,NA,NA,NA,NA,12.192,-14.289603,-170.759634,1,1,1,0
"73",2025-02-11,"ES",1,31,"TUT-203",60,NA,NA,NA,"NO aglo or ICRA on transect","ES_size_PM",NA,NA,NA,NA,NA,NA,NA,NA,NA,NA,NA,NA,9.4488,-14.283693,-170.72293,1,0,1,0
"74",2025-02-11,"ES",2,28,"TUT-046",60,NA,NA,NA,"NO aglo or ICRA on transect","ES_size_PM",NA,NA,NA,NA,NA,NA,NA,NA,NA,NA,NA,NA,8.5344,-14.260084,-170.704549,0,0,0,0
"75",2025-02-11,"ES",2,47,"TUT-041",60,NA,NA,NA,"NO aglo or ICRA on transect","ES_size_PM",NA,NA,NA,NA,NA,NA,NA,NA,NA,NA,NA,NA,14.3256,-14.25037,-170.690159,1,0,1,0
"76",2025-02-11,"ES",2,47,"TUT-035",60,43,20,NA,"Funky AGLO","ES_size_PM",NA,NA,NA,NA,NA,NA,NA,NA,NA,NA,NA,NA,14.3256,-14.256289,-170.605873,1,0,1,0
"77",2025-02-12,"ES",2,28,"TUT-023",60,NA,NA,NA,"No aglo or icra on transects; aglo classic at shallows past transect","ES_size_PM",NA,NA,NA,NA,NA,NA,NA,NA,NA,NA,NA,NA,8.5344,-14.255458,-170.623423,1,0,0,0
"78",2025-02-12,"ES",2,27,"TUT-052",60,NA,NA,NA,"No aglo or icra at site (that I saw)","ES_size_PM",NA,NA,NA,NA,NA,NA,NA,NA,NA,NA,NA,NA,8.2296,-14.257004,-170.587948,1,1,0,1
"79",2025-02-12,"ES",2,32,"TUT-076",60,NA,NA,NA,"No aglo or icra on transect","ES_size_PM",NA,NA,NA,NA,NA,NA,NA,NA,NA,NA,NA,NA,9.7536,-14.283504,-170.631611,1,1,0,11
"80",2025-02-12,"ES",2,32,"TUT-204",60,25,5,5,NA,"ES_size_PM",NA,NA,NA,NA,NA,NA,NA,NA,NA,NA,NA,NA,9.7536,-14.29099,-170.560818,1,1,3,5
"81",2025-02-12,"ES",2,32,"TUT-204",60,50,5,15,NA,"ES_size_PM",NA,NA,NA,NA,NA,NA,NA,NA,NA,NA,NA,NA,9.7536,-14.29099,-170.560818,1,1,3,5
"82",2025-02-12,"ES",2,32,"TUT-204",60,27.5,20,NA,NA,"ES_size_PM",NA,NA,NA,NA,NA,NA,NA,NA,NA,NA,NA,NA,9.7536,-14.29099,-170.560818,1,1,3,5
"83",2025-02-12,"ES",2,NA,"TUT-120",60,NA,NA,75,NA,"ES_size_PM",NA,NA,NA,NA,NA,NA,NA,NA,NA,NA,NA,NA,NA,-14.293418,-170.65432,1,1,0,7
"84",2025-02-12,"ES",2,NA,"TUT-120",60,NA,NA,50,NA,"ES_size_PM",NA,NA,NA,NA,NA,NA,NA,NA,NA,NA,NA,NA,NA,-14.293418,-170.65432,1,1,0,7
"85",2025-02-13,"ES",2,50,"TUT-113",60,25,5,NA,"No icra at site; AGLO classic everywhere","ES_size_PM",NA,NA,NA,NA,NA,NA,NA,NA,NA,NA,NA,NA,15.24,-14.323617,-170.67021,1,1,6,0
"86",2025-02-13,"ES",2,36,"TUT-104",60,NA,NA,NA,NA,"ES_size_PM",NA,NA,NA,NA,NA,NA,NA,NA,NA,NA,NA,NA,10.9728,-14.316648,-170.65397,1,1,4,0
"87",2025-02-13,"ES",2,20,"TUT-082",60,NA,NA,NA,"AGLO C present at end of transect","ES_size_PM",NA,NA,NA,NA,NA,NA,NA,NA,NA,NA,NA,NA,6.096,-14.273839,-170.6078,1,0,0,0
"88",2025-02-13,"ES",2,37,"TUT-103",60,NA,NA,NA,NA,"ES_size_PM",NA,NA,NA,NA,NA,NA,NA,NA,NA,NA,NA,NA,11.2776,-14.292398,-170.675569,1,0,2,0
"89",2025-02-14,"ES",2,31,"TUT-093",60,45,2,10,"AGLO funkyish, long branches","ES_size_PM",NA,NA,NA,NA,NA,NA,NA,NA,NA,NA,NA,NA,9.4488,-14.337165,-170.711077,1,1,8,18
"90",2025-02-14,"ES",2,31,"TUT-093",60,27.5,10,8,NA,"ES_size_PM",NA,NA,NA,NA,NA,NA,NA,NA,NA,NA,NA,NA,9.4488,-14.337165,-170.711077,1,1,8,18
"91",2025-02-14,"ES",2,31,"TUT-093",60,NA,NA,20,NA,"ES_size_PM",NA,NA,NA,NA,NA,NA,NA,NA,NA,NA,NA,NA,9.4488,-14.337165,-170.711077,1,1,8,18
"92",2025-02-14,"ES",2,31,"TUT-093",60,NA,NA,30,NA,"ES_size_PM",NA,NA,NA,NA,NA,NA,NA,NA,NA,NA,NA,NA,9.4488,-14.337165,-170.711077,1,1,8,18
"93",2025-02-14,"ES",2,31,"TUT-093",60,NA,NA,30,NA,"ES_size_PM",NA,NA,NA,NA,NA,NA,NA,NA,NA,NA,NA,NA,9.4488,-14.337165,-170.711077,1,1,8,18
"94",2025-02-14,"ES",2,48,"TUT-208",60,20,5,10,NA,"ES_size_PM",NA,NA,NA,NA,NA,NA,NA,NA,NA,NA,NA,NA,14.6304,-14.348332,-170.725342,1,1,3,1
"95",2025-02-14,"ES",2,49,"TUT-206",60,37.5,20,NA,"Classic","ES_size_PM",NA,NA,NA,NA,NA,NA,NA,NA,NA,NA,NA,NA,14.9352,-14.316944,-170.69317,1,0,3,0
"96",2025-02-14,"ES",2,20,"TUT-207",60,20,40,5,NA,"ES_size_PM",NA,NA,NA,NA,NA,NA,NA,NA,NA,NA,NA,NA,6.096,-14.303783,-170.683308,1,1,2,8
"97",2025-02-14,"ES",2,20,"TUT-207",60,50,10,40,NA,"ES_size_PM",NA,NA,NA,NA,NA,NA,NA,NA,NA,NA,NA,NA,6.096,-14.303783,-170.683308,1,1,2,8
"98",2025-02-14,"ES",2,20,"TUT-207",60,NA,NA,35,NA,"ES_size_PM",NA,NA,NA,NA,NA,NA,NA,NA,NA,NA,NA,NA,6.096,-14.303783,-170.683308,1,1,2,8
"99",2025-02-14,"ES",2,33,"TUT-091",60,27.5,2,5,NA,"ES_size_PM",NA,NA,NA,NA,NA,NA,NA,NA,NA,NA,NA,NA,10.0584,-14.278903,-170.586065,1,1,1,54
"100",2025-02-14,"ES",2,33,"TUT-091",60,NA,NA,50,NA,"ES_size_PM",NA,NA,NA,NA,NA,NA,NA,NA,NA,NA,NA,NA,10.0584,-14.278903,-170.586065,1,1,1,54
"101",2025-02-14,"ES",2,33,"TUT-091",60,NA,NA,30,NA,"ES_size_PM",NA,NA,NA,NA,NA,NA,NA,NA,NA,NA,NA,NA,10.0584,-14.278903,-170.586065,1,1,1,54
"102",2025-02-14,"ES",2,33,"TUT-091",60,NA,NA,80,NA,"ES_size_PM",NA,NA,NA,NA,NA,NA,NA,NA,NA,NA,NA,NA,10.0584,-14.278903,-170.586065,1,1,1,54
"103",2025-02-14,"ES",2,33,"TUT-091",60,NA,NA,30,NA,"ES_size_PM",NA,NA,NA,NA,NA,NA,NA,NA,NA,NA,NA,NA,10.0584,-14.278903,-170.586065,1,1,1,54
"104",2025-02-14,"ES",2,33,"TUT-091",60,NA,NA,30,NA,"ES_size_PM",NA,NA,NA,NA,NA,NA,NA,NA,NA,NA,NA,NA,10.0584,-14.278903,-170.586065,1,1,1,54
"105",2025-02-14,"ES",2,33,"TUT-091",60,NA,NA,25,NA,"ES_size_PM",NA,NA,NA,NA,NA,NA,NA,NA,NA,NA,NA,NA,10.0584,-14.278903,-170.586065,1,1,1,54
"106",2025-02-14,"ES",2,33,"TUT-091",60,NA,NA,10,NA,"ES_size_PM",NA,NA,NA,NA,NA,NA,NA,NA,NA,NA,NA,NA,10.0584,-14.278903,-170.586065,1,1,1,54
"107",2025-02-14,"ES",2,33,"TUT-091",60,NA,NA,15,NA,"ES_size_PM",NA,NA,NA,NA,NA,NA,NA,NA,NA,NA,NA,NA,10.0584,-14.278903,-170.586065,1,1,1,54
"108",2025-02-14,"ES",2,33,"TUT-091",60,NA,NA,2,NA,"ES_size_PM",NA,NA,NA,NA,NA,NA,NA,NA,NA,NA,NA,NA,10.0584,-14.278903,-170.586065,1,1,1,54
"109",2025-02-14,"ES",2,33,"TUT-091",60,NA,NA,10,NA,"ES_size_PM",NA,NA,NA,NA,NA,NA,NA,NA,NA,NA,NA,NA,10.0584,-14.278903,-170.586065,1,1,1,54
"110",2025-02-14,"ES",2,33,"TUT-091",60,NA,NA,0,NA,"ES_size_PM",NA,NA,NA,NA,NA,NA,NA,NA,NA,NA,NA,NA,10.0584,-14.278903,-170.586065,1,1,1,54
"111",2025-02-14,"ES",2,33,"TUT-091",60,NA,NA,70,NA,"ES_size_PM",NA,NA,NA,NA,NA,NA,NA,NA,NA,NA,NA,NA,10.0584,-14.278903,-170.586065,1,1,1,54
"112",2025-02-14,"ES",2,33,"TUT-091",60,NA,NA,0,NA,"ES_size_PM",NA,NA,NA,NA,NA,NA,NA,NA,NA,NA,NA,NA,10.0584,-14.278903,-170.586065,1,1,1,54
"113",2025-02-14,"ES",2,33,"TUT-091",60,NA,NA,70,NA,"ES_size_PM",NA,NA,NA,NA,NA,NA,NA,NA,NA,NA,NA,NA,10.0584,-14.278903,-170.586065,1,1,1,54
"114",2025-02-14,"ES",2,33,"TUT-091",60,NA,NA,10,NA,"ES_size_PM",NA,NA,NA,NA,NA,NA,NA,NA,NA,NA,NA,NA,10.0584,-14.278903,-170.586065,1,1,1,54
"115",2025-02-14,"ES",2,33,"TUT-091",60,NA,NA,50,NA,"ES_size_PM",NA,NA,NA,NA,NA,NA,NA,NA,NA,NA,NA,NA,10.0584,-14.278903,-170.586065,1,1,1,54
"116",2025-02-14,"ES",2,33,"TUT-091",60,NA,NA,80,NA,"ES_size_PM",NA,NA,NA,NA,NA,NA,NA,NA,NA,NA,NA,NA,10.0584,-14.278903,-170.586065,1,1,1,54
"117",2025-02-07,"CSC",4,45,"TUT-211",60,55,30,5,NA,"CSC_size_PM",NA,NA,NA,NA,NA,NA,NA,NA,NA,NA,NA,NA,13.716,-14.360358,-170.748776,1,1,3,1
"118",2025-02-07,"CSC",4,45,"TUT-212",60,NA,NA,5,NA,"CSC_size_PM",NA,NA,NA,NA,NA,NA,NA,NA,NA,NA,NA,NA,13.716,-14.338095,-170.793296,1,1,1,40
"119",2025-02-07,"CSC",4,45,"TUT-212",60,NA,NA,70,NA,"CSC_size_PM",NA,NA,NA,NA,NA,NA,NA,NA,NA,NA,NA,NA,13.716,-14.338095,-170.793296,1,1,1,40
"120",2025-02-07,"CSC",4,45,"TUT-212",60,NA,NA,60,NA,"CSC_size_PM",NA,NA,NA,NA,NA,NA,NA,NA,NA,NA,NA,NA,13.716,-14.338095,-170.793296,1,1,1,40
"121",2025-02-07,"CSC",4,45,"TUT-212",60,NA,NA,1,NA,"CSC_size_PM",NA,NA,NA,NA,NA,NA,NA,NA,NA,NA,NA,NA,13.716,-14.338095,-170.793296,1,1,1,40
"122",2025-02-07,"CSC",4,45,"TUT-212",60,NA,NA,10,NA,"CSC_size_PM",NA,NA,NA,NA,NA,NA,NA,NA,NA,NA,NA,NA,13.716,-14.338095,-170.793296,1,1,1,40
"123",2025-02-07,"CSC",4,45,"TUT-212",60,NA,NA,50,NA,"CSC_size_PM",NA,NA,NA,NA,NA,NA,NA,NA,NA,NA,NA,NA,13.716,-14.338095,-170.793296,1,1,1,40
"124",2025-02-07,"CSC",4,45,"TUT-212",60,NA,NA,0,NA,"CSC_size_PM",NA,NA,NA,NA,NA,NA,NA,NA,NA,NA,NA,NA,13.716,-14.338095,-170.793296,1,1,1,40
"125",2025-02-07,"CSC",4,45,"TUT-212",60,NA,NA,15,NA,"CSC_size_PM",NA,NA,NA,NA,NA,NA,NA,NA,NA,NA,NA,NA,13.716,-14.338095,-170.793296,1,1,1,40
"126",2025-02-07,"CSC",4,45,"TUT-212",60,NA,NA,90,NA,"CSC_size_PM",NA,NA,NA,NA,NA,NA,NA,NA,NA,NA,NA,NA,13.716,-14.338095,-170.793296,1,1,1,40
"127",2025-02-07,"CSC",4,45,"TUT-212",60,NA,NA,0,NA,"CSC_size_PM",NA,NA,NA,NA,NA,NA,NA,NA,NA,NA,NA,NA,13.716,-14.338095,-170.793296,1,1,1,40
"128",2025-02-07,"CSC",4,45,"TUT-212",60,NA,NA,0,NA,"CSC_size_PM",NA,NA,NA,NA,NA,NA,NA,NA,NA,NA,NA,NA,13.716,-14.338095,-170.793296,1,1,1,40
"129",2025-02-07,"CSC",4,45,"TUT-212",60,NA,NA,10,NA,"CSC_size_PM",NA,NA,NA,NA,NA,NA,NA,NA,NA,NA,NA,NA,13.716,-14.338095,-170.793296,1,1,1,40
"130",2025-02-07,"CSC",4,45,"TUT-212",60,NA,NA,60,NA,"CSC_size_PM",NA,NA,NA,NA,NA,NA,NA,NA,NA,NA,NA,NA,13.716,-14.338095,-170.793296,1,1,1,40
"131",2025-02-07,"CSC",4,45,"TUT-212",60,NA,NA,50,NA,"CSC_size_PM",NA,NA,NA,NA,NA,NA,NA,NA,NA,NA,NA,NA,13.716,-14.338095,-170.793296,1,1,1,40
"132",2025-02-07,"CSC",4,45,"TUT-212",60,NA,NA,0,NA,"CSC_size_PM",NA,NA,NA,NA,NA,NA,NA,NA,NA,NA,NA,NA,13.716,-14.338095,-170.793296,1,1,1,40
"133",2025-02-07,"CSC",4,30,"TUT-213",60,36,0,60,NA,"CSC_size_PM",NA,NA,NA,NA,NA,NA,NA,NA,NA,NA,NA,NA,9.144,-14.329327,-170.83181,1,1,2,106
"134",2025-02-07,"CSC",4,30,"TUT-213",60,NA,NA,3,NA,"CSC_size_PM",NA,NA,NA,NA,NA,NA,NA,NA,NA,NA,NA,NA,9.144,-14.329327,-170.83181,1,1,2,106
"135",2025-02-07,"CSC",4,30,"TUT-213",60,NA,NA,65,NA,"CSC_size_PM",NA,NA,NA,NA,NA,NA,NA,NA,NA,NA,NA,NA,9.144,-14.329327,-170.83181,1,1,2,106
"136",2025-02-07,"CSC",4,30,"TUT-213",60,NA,NA,5,NA,"CSC_size_PM",NA,NA,NA,NA,NA,NA,NA,NA,NA,NA,NA,NA,9.144,-14.329327,-170.83181,1,1,2,106
"137",2025-02-07,"CSC",4,30,"TUT-213",60,NA,NA,20,NA,"CSC_size_PM",NA,NA,NA,NA,NA,NA,NA,NA,NA,NA,NA,NA,9.144,-14.329327,-170.83181,1,1,2,106
"138",2025-02-07,"CSC",4,30,"TUT-213",60,NA,NA,80,NA,"CSC_size_PM",NA,NA,NA,NA,NA,NA,NA,NA,NA,NA,NA,NA,9.144,-14.329327,-170.83181,1,1,2,106
"139",2025-02-07,"CSC",4,30,"TUT-213",60,NA,NA,15,NA,"CSC_size_PM",NA,NA,NA,NA,NA,NA,NA,NA,NA,NA,NA,NA,9.144,-14.329327,-170.83181,1,1,2,106
"140",2025-02-07,"CSC",4,30,"TUT-213",60,NA,NA,0,NA,"CSC_size_PM",NA,NA,NA,NA,NA,NA,NA,NA,NA,NA,NA,NA,9.144,-14.329327,-170.83181,1,1,2,106
"141",2025-02-07,"CSC",4,30,"TUT-213",60,NA,NA,0,NA,"CSC_size_PM",NA,NA,NA,NA,NA,NA,NA,NA,NA,NA,NA,NA,9.144,-14.329327,-170.83181,1,1,2,106
"142",2025-02-07,"CSC",4,30,"TUT-213",60,NA,NA,5,NA,"CSC_size_PM",NA,NA,NA,NA,NA,NA,NA,NA,NA,NA,NA,NA,9.144,-14.329327,-170.83181,1,1,2,106
"143",2025-02-07,"CSC",4,30,"TUT-213",60,NA,NA,90,NA,"CSC_size_PM",NA,NA,NA,NA,NA,NA,NA,NA,NA,NA,NA,NA,9.144,-14.329327,-170.83181,1,1,2,106
"144",2025-02-07,"CSC",4,30,"TUT-213",60,NA,NA,65,NA,"CSC_size_PM",NA,NA,NA,NA,NA,NA,NA,NA,NA,NA,NA,NA,9.144,-14.329327,-170.83181,1,1,2,106
"145",2025-02-07,"CSC",4,30,"TUT-213",60,NA,NA,0,NA,"CSC_size_PM",NA,NA,NA,NA,NA,NA,NA,NA,NA,NA,NA,NA,9.144,-14.329327,-170.83181,1,1,2,106
"146",2025-02-07,"CSC",4,30,"TUT-213",60,NA,NA,0,NA,"CSC_size_PM",NA,NA,NA,NA,NA,NA,NA,NA,NA,NA,NA,NA,9.144,-14.329327,-170.83181,1,1,2,106
"147",2025-02-07,"CSC",4,30,"TUT-213",60,NA,NA,20,NA,"CSC_size_PM",NA,NA,NA,NA,NA,NA,NA,NA,NA,NA,NA,NA,9.144,-14.329327,-170.83181,1,1,2,106
"148",2025-02-07,"CSC",4,30,"TUT-213",60,NA,NA,3,NA,"CSC_size_PM",NA,NA,NA,NA,NA,NA,NA,NA,NA,NA,NA,NA,9.144,-14.329327,-170.83181,1,1,2,106
"149",2025-02-07,"CSC",4,30,"TUT-213",60,NA,NA,20,NA,"CSC_size_PM",NA,NA,NA,NA,NA,NA,NA,NA,NA,NA,NA,NA,9.144,-14.329327,-170.83181,1,1,2,106
"150",2025-02-07,"CSC",4,30,"TUT-213",60,NA,NA,5,NA,"CSC_size_PM",NA,NA,NA,NA,NA,NA,NA,NA,NA,NA,NA,NA,9.144,-14.329327,-170.83181,1,1,2,106
"151",2025-02-07,"CSC",4,30,"TUT-213",60,NA,NA,3,NA,"CSC_size_PM",NA,NA,NA,NA,NA,NA,NA,NA,NA,NA,NA,NA,9.144,-14.329327,-170.83181,1,1,2,106
"152",2025-02-07,"CSC",4,30,"TUT-213",60,NA,NA,5,NA,"CSC_size_PM",NA,NA,NA,NA,NA,NA,NA,NA,NA,NA,NA,NA,9.144,-14.329327,-170.83181,1,1,2,106
"153",2025-02-07,"CSC",4,30,"TUT-213",60,NA,NA,5,NA,"CSC_size_PM",NA,NA,NA,NA,NA,NA,NA,NA,NA,NA,NA,NA,9.144,-14.329327,-170.83181,1,1,2,106
"154",2025-02-07,"CSC",4,30,"TUT-213",60,NA,NA,50,NA,"CSC_size_PM",NA,NA,NA,NA,NA,NA,NA,NA,NA,NA,NA,NA,9.144,-14.329327,-170.83181,1,1,2,106
"155",2025-02-07,"CSC",4,30,"TUT-213",60,NA,NA,30,NA,"CSC_size_PM",NA,NA,NA,NA,NA,NA,NA,NA,NA,NA,NA,NA,9.144,-14.329327,-170.83181,1,1,2,106
"156",2025-02-07,"CSC",4,30,"TUT-213",60,NA,NA,15,NA,"CSC_size_PM",NA,NA,NA,NA,NA,NA,NA,NA,NA,NA,NA,NA,9.144,-14.329327,-170.83181,1,1,2,106
"157",2025-02-07,"CSC",4,30,"TUT-213",60,NA,NA,1,NA,"CSC_size_PM",NA,NA,NA,NA,NA,NA,NA,NA,NA,NA,NA,NA,9.144,-14.329327,-170.83181,1,1,2,106
"158",2025-02-07,"CSC",4,30,"TUT-213",60,NA,NA,0,NA,"CSC_size_PM",NA,NA,NA,NA,NA,NA,NA,NA,NA,NA,NA,NA,9.144,-14.329327,-170.83181,1,1,2,106
"159",2025-02-07,"CSC",4,30,"TUT-213",60,NA,NA,75,NA,"CSC_size_PM",NA,NA,NA,NA,NA,NA,NA,NA,NA,NA,NA,NA,9.144,-14.329327,-170.83181,1,1,2,106
"160",2025-02-07,"CSC",4,30,"TUT-213",60,NA,NA,50,NA,"CSC_size_PM",NA,NA,NA,NA,NA,NA,NA,NA,NA,NA,NA,NA,9.144,-14.329327,-170.83181,1,1,2,106
"161",2025-02-07,"CSC",4,30,"TUT-213",60,NA,NA,0,NA,"CSC_size_PM",NA,NA,NA,NA,NA,NA,NA,NA,NA,NA,NA,NA,9.144,-14.329327,-170.83181,1,1,2,106
"162",2025-02-07,"CSC",4,30,"TUT-213",60,NA,NA,50,NA,"CSC_size_PM",NA,NA,NA,NA,NA,NA,NA,NA,NA,NA,NA,NA,9.144,-14.329327,-170.83181,1,1,2,106
"163",2025-02-08,"CSC",1,35,"TUT-125",60,45,10,1,NA,"CSC_size_PM",NA,NA,NA,NA,NA,NA,NA,NA,NA,NA,NA,NA,10.668,-14.349654,-170.788046,1,1,3,22
"164",2025-02-08,"CSC",1,35,"TUT-125",60,50,3,60,NA,"CSC_size_PM",NA,NA,NA,NA,NA,NA,NA,NA,NA,NA,NA,NA,10.668,-14.349654,-170.788046,1,1,3,22
"165",2025-02-08,"CSC",1,35,"TUT-125",60,55,0,5,NA,"CSC_size_PM",NA,NA,NA,NA,NA,NA,NA,NA,NA,NA,NA,NA,10.668,-14.349654,-170.788046,1,1,3,22
"166",2025-02-08,"CSC",1,35,"TUT-125",60,NA,NA,5,"No AGLO at site","CSC_size_PM",NA,NA,NA,NA,NA,NA,NA,NA,NA,NA,NA,NA,10.668,-14.349654,-170.788046,1,1,3,22
"167",2025-02-08,"CSC",3,31,"TUT-168",60,NA,NA,50,NA,"CSC_size_PM",NA,NA,NA,NA,NA,NA,NA,NA,NA,NA,NA,NA,9.4488,-14.360877,-170.781335,1,1,2,215
"168",2025-02-08,"CSC",3,31,"TUT-168",60,NA,NA,60,NA,"CSC_size_PM",NA,NA,NA,NA,NA,NA,NA,NA,NA,NA,NA,NA,9.4488,-14.360877,-170.781335,1,1,2,215
"169",2025-02-08,"CSC",3,31,"TUT-168",60,NA,NA,10,NA,"CSC_size_PM",NA,NA,NA,NA,NA,NA,NA,NA,NA,NA,NA,NA,9.4488,-14.360877,-170.781335,1,1,2,215
"170",2025-02-08,"CSC",3,31,"TUT-168",60,NA,NA,5,NA,"CSC_size_PM",NA,NA,NA,NA,NA,NA,NA,NA,NA,NA,NA,NA,9.4488,-14.360877,-170.781335,1,1,2,215
"171",2025-02-08,"CSC",3,31,"TUT-168",60,NA,NA,5,NA,"CSC_size_PM",NA,NA,NA,NA,NA,NA,NA,NA,NA,NA,NA,NA,9.4488,-14.360877,-170.781335,1,1,2,215
"172",2025-02-08,"CSC",3,31,"TUT-168",60,NA,NA,5,NA,"CSC_size_PM",NA,NA,NA,NA,NA,NA,NA,NA,NA,NA,NA,NA,9.4488,-14.360877,-170.781335,1,1,2,215
"173",2025-02-08,"CSC",3,31,"TUT-168",60,NA,NA,0,NA,"CSC_size_PM",NA,NA,NA,NA,NA,NA,NA,NA,NA,NA,NA,NA,9.4488,-14.360877,-170.781335,1,1,2,215
"174",2025-02-08,"CSC",3,31,"TUT-168",60,NA,NA,3,NA,"CSC_size_PM",NA,NA,NA,NA,NA,NA,NA,NA,NA,NA,NA,NA,9.4488,-14.360877,-170.781335,1,1,2,215
"175",2025-02-08,"CSC",3,31,"TUT-168",60,NA,NA,10,NA,"CSC_size_PM",NA,NA,NA,NA,NA,NA,NA,NA,NA,NA,NA,NA,9.4488,-14.360877,-170.781335,1,1,2,215
"176",2025-02-08,"CSC",3,31,"TUT-168",60,NA,NA,80,NA,"CSC_size_PM",NA,NA,NA,NA,NA,NA,NA,NA,NA,NA,NA,NA,9.4488,-14.360877,-170.781335,1,1,2,215
"177",2025-02-08,"CSC",3,31,"TUT-168",60,NA,NA,20,NA,"CSC_size_PM",NA,NA,NA,NA,NA,NA,NA,NA,NA,NA,NA,NA,9.4488,-14.360877,-170.781335,1,1,2,215
"178",2025-02-08,"CSC",3,31,"TUT-168",60,NA,NA,0,NA,"CSC_size_PM",NA,NA,NA,NA,NA,NA,NA,NA,NA,NA,NA,NA,9.4488,-14.360877,-170.781335,1,1,2,215
"179",2025-02-08,"CSC",3,31,"TUT-168",60,NA,NA,2,NA,"CSC_size_PM",NA,NA,NA,NA,NA,NA,NA,NA,NA,NA,NA,NA,9.4488,-14.360877,-170.781335,1,1,2,215
"180",2025-02-08,"CSC",3,31,"TUT-168",60,NA,NA,65,NA,"CSC_size_PM",NA,NA,NA,NA,NA,NA,NA,NA,NA,NA,NA,NA,9.4488,-14.360877,-170.781335,1,1,2,215
"181",2025-02-08,"CSC",3,31,"TUT-168",60,NA,NA,10,NA,"CSC_size_PM",NA,NA,NA,NA,NA,NA,NA,NA,NA,NA,NA,NA,9.4488,-14.360877,-170.781335,1,1,2,215
"182",2025-02-08,"CSC",3,31,"TUT-168",60,NA,NA,25,NA,"CSC_size_PM",NA,NA,NA,NA,NA,NA,NA,NA,NA,NA,NA,NA,9.4488,-14.360877,-170.781335,1,1,2,215
"183",2025-02-08,"CSC",3,31,"TUT-168",60,NA,NA,10,NA,"CSC_size_PM",NA,NA,NA,NA,NA,NA,NA,NA,NA,NA,NA,NA,9.4488,-14.360877,-170.781335,1,1,2,215
"184",2025-02-08,"CSC",3,31,"TUT-168",60,NA,NA,3,NA,"CSC_size_PM",NA,NA,NA,NA,NA,NA,NA,NA,NA,NA,NA,NA,9.4488,-14.360877,-170.781335,1,1,2,215
"185",2025-02-08,"CSC",3,31,"TUT-168",60,NA,NA,25,NA,"CSC_size_PM",NA,NA,NA,NA,NA,NA,NA,NA,NA,NA,NA,NA,9.4488,-14.360877,-170.781335,1,1,2,215
"186",2025-02-08,"CSC",3,31,"TUT-168",60,NA,NA,50,NA,"CSC_size_PM",NA,NA,NA,NA,NA,NA,NA,NA,NA,NA,NA,NA,9.4488,-14.360877,-170.781335,1,1,2,215
"187",2025-02-08,"CSC",3,31,"TUT-168",60,NA,NA,15,NA,"CSC_size_PM",NA,NA,NA,NA,NA,NA,NA,NA,NA,NA,NA,NA,9.4488,-14.360877,-170.781335,1,1,2,215
"188",2025-02-08,"CSC",3,31,"TUT-168",60,NA,NA,60,NA,"CSC_size_PM",NA,NA,NA,NA,NA,NA,NA,NA,NA,NA,NA,NA,9.4488,-14.360877,-170.781335,1,1,2,215
"189",2025-02-08,"CSC",3,31,"TUT-168",60,NA,NA,10,NA,"CSC_size_PM",NA,NA,NA,NA,NA,NA,NA,NA,NA,NA,NA,NA,9.4488,-14.360877,-170.781335,1,1,2,215
"190",2025-02-08,"CSC",3,31,"TUT-168",60,NA,NA,10,NA,"CSC_size_PM",NA,NA,NA,NA,NA,NA,NA,NA,NA,NA,NA,NA,9.4488,-14.360877,-170.781335,1,1,2,215
"191",2025-02-08,"CSC",3,31,"TUT-168",60,NA,NA,20,NA,"CSC_size_PM",NA,NA,NA,NA,NA,NA,NA,NA,NA,NA,NA,NA,9.4488,-14.360877,-170.781335,1,1,2,215
"192",2025-02-08,"CSC",3,31,"TUT-168",60,NA,NA,0,NA,"CSC_size_PM",NA,NA,NA,NA,NA,NA,NA,NA,NA,NA,NA,NA,9.4488,-14.360877,-170.781335,1,1,2,215
"193",2025-02-08,"CSC",3,31,"TUT-168",60,NA,NA,30,NA,"CSC_size_PM",NA,NA,NA,NA,NA,NA,NA,NA,NA,NA,NA,NA,9.4488,-14.360877,-170.781335,1,1,2,215
"194",2025-02-08,"CSC",3,31,"TUT-168",60,NA,NA,50,NA,"CSC_size_PM",NA,NA,NA,NA,NA,NA,NA,NA,NA,NA,NA,NA,9.4488,-14.360877,-170.781335,1,1,2,215
"195",2025-02-08,"CSC",3,31,"TUT-168",60,NA,NA,5,NA,"CSC_size_PM",NA,NA,NA,NA,NA,NA,NA,NA,NA,NA,NA,NA,9.4488,-14.360877,-170.781335,1,1,2,215
"196",2025-02-08,"CSC",3,31,"TUT-168",60,NA,NA,1,NA,"CSC_size_PM",NA,NA,NA,NA,NA,NA,NA,NA,NA,NA,NA,NA,9.4488,-14.360877,-170.781335,1,1,2,215
"197",2025-02-08,"CSC",2,17,"TUT-143",60,33,0,5,NA,"CSC_size_PM",NA,NA,NA,NA,NA,NA,NA,NA,NA,NA,NA,NA,5.1816,-14.365158,-170.761604,1,1,2,37
"198",2025-02-08,"CSC",2,17,"TUT-143",60,25,10,3,NA,"CSC_size_PM",NA,NA,NA,NA,NA,NA,NA,NA,NA,NA,NA,NA,5.1816,-14.365158,-170.761604,1,1,2,37
"199",2025-02-08,"CSC",2,17,"TUT-143",60,NA,NA,15,NA,"CSC_size_PM",NA,NA,NA,NA,NA,NA,NA,NA,NA,NA,NA,NA,5.1816,-14.365158,-170.761604,1,1,2,37
"200",2025-02-08,"CSC",2,17,"TUT-143",60,NA,NA,0,NA,"CSC_size_PM",NA,NA,NA,NA,NA,NA,NA,NA,NA,NA,NA,NA,5.1816,-14.365158,-170.761604,1,1,2,37
"201",2025-02-08,"CSC",2,17,"TUT-143",60,NA,NA,0,NA,"CSC_size_PM",NA,NA,NA,NA,NA,NA,NA,NA,NA,NA,NA,NA,5.1816,-14.365158,-170.761604,1,1,2,37
"202",2025-02-08,"CSC",2,17,"TUT-143",60,NA,NA,0,NA,"CSC_size_PM",NA,NA,NA,NA,NA,NA,NA,NA,NA,NA,NA,NA,5.1816,-14.365158,-170.761604,1,1,2,37
"203",2025-02-08,"CSC",2,17,"TUT-143",60,NA,NA,0,NA,"CSC_size_PM",NA,NA,NA,NA,NA,NA,NA,NA,NA,NA,NA,NA,5.1816,-14.365158,-170.761604,1,1,2,37
"204",2025-02-08,"CSC",2,17,"TUT-143",60,NA,NA,0,NA,"CSC_size_PM",NA,NA,NA,NA,NA,NA,NA,NA,NA,NA,NA,NA,5.1816,-14.365158,-170.761604,1,1,2,37
"205",2025-02-08,"CSC",2,17,"TUT-143",60,NA,NA,70,NA,"CSC_size_PM",NA,NA,NA,NA,NA,NA,NA,NA,NA,NA,NA,NA,5.1816,-14.365158,-170.761604,1,1,2,37
"206",2025-02-10,"CSC",4,53,"TUT-062",60,25,20,NA,NA,"CSC_size_PM",NA,NA,NA,NA,NA,NA,NA,NA,NA,NA,NA,NA,16.1544,-14.312694,-170.835819,1,0,3,0
"207",2025-02-10,"CSC",4,53,"TUT-062",60,85,60,NA,NA,"CSC_size_PM",NA,NA,NA,NA,NA,NA,NA,NA,NA,NA,NA,NA,16.1544,-14.312694,-170.835819,1,0,3,0
"208",2025-02-10,"CSC",4,53,"TUT-062",60,25,2,NA,NA,"CSC_size_PM",NA,NA,NA,NA,NA,NA,NA,NA,NA,NA,NA,NA,16.1544,-14.312694,-170.835819,1,0,3,0
"209",2025-02-10,"CSC",4,33,"TUT-201",60,20,3,NA,NA,"CSC_size_PM",NA,NA,NA,NA,NA,NA,NA,NA,NA,NA,NA,NA,10.0584,-14.297134,-170.811783,1,1,4,0
"210",2025-02-10,"CSC",4,33,"TUT-201",60,22,0,NA,NA,"CSC_size_PM",NA,NA,NA,NA,NA,NA,NA,NA,NA,NA,NA,NA,10.0584,-14.297134,-170.811783,1,1,4,0
"211",2025-02-10,"CSC",4,39,"TUT-069",60,22,0,NA,NA,"CSC_size_PM",NA,NA,NA,NA,NA,NA,NA,NA,NA,NA,NA,NA,11.8872,-14.291243,-170.792502,1,0,1,0
"212",2025-02-10,"CSC",4,31,"TUT-202",60,55,10,NA,NA,"CSC_size_PM",NA,NA,NA,NA,NA,NA,NA,NA,NA,NA,NA,NA,9.4488,-14.289603,-170.759634,1,1,1,0
"213",2025-02-11,"CSC",4,57,"TUT-115",60,NA,NA,0,NA,"CSC_size_PM",NA,NA,NA,NA,NA,NA,NA,NA,NA,NA,NA,NA,17.3736,-14.273272,-170.570134,1,1,0,9
"214",2025-02-11,"CSC",4,42,"TUT-053",60,35,20,NA,"Aglo classic","CSC_size_PM",NA,NA,NA,NA,NA,NA,NA,NA,NA,NA,NA,NA,12.8016,-14.248415,-170.659327,1,0,6,0
"215",2025-02-12,"CSC",4,43,"TUT-109",60,NA,NA,0,NA,"CSC_size_PM",NA,NA,NA,NA,NA,NA,NA,NA,NA,NA,NA,NA,13.1064,-14.284747,-170.600404,1,1,0,607
"216",2025-02-12,"CSC",4,43,"TUT-109",60,NA,NA,0,NA,"CSC_size_PM",NA,NA,NA,NA,NA,NA,NA,NA,NA,NA,NA,NA,13.1064,-14.284747,-170.600404,1,1,0,607
"217",2025-02-12,"CSC",4,43,"TUT-109",60,NA,NA,2,NA,"CSC_size_PM",NA,NA,NA,NA,NA,NA,NA,NA,NA,NA,NA,NA,13.1064,-14.284747,-170.600404,1,1,0,607
"218",2025-02-12,"CSC",4,43,"TUT-109",60,NA,NA,0,NA,"CSC_size_PM",NA,NA,NA,NA,NA,NA,NA,NA,NA,NA,NA,NA,13.1064,-14.284747,-170.600404,1,1,0,607
"219",2025-02-12,"CSC",4,43,"TUT-109",60,NA,NA,0,NA,"CSC_size_PM",NA,NA,NA,NA,NA,NA,NA,NA,NA,NA,NA,NA,13.1064,-14.284747,-170.600404,1,1,0,607
"220",2025-02-12,"CSC",4,43,"TUT-109",60,NA,NA,1,NA,"CSC_size_PM",NA,NA,NA,NA,NA,NA,NA,NA,NA,NA,NA,NA,13.1064,-14.284747,-170.600404,1,1,0,607
"221",2025-02-12,"CSC",4,43,"TUT-109",60,NA,NA,2,NA,"CSC_size_PM",NA,NA,NA,NA,NA,NA,NA,NA,NA,NA,NA,NA,13.1064,-14.284747,-170.600404,1,1,0,607
"222",2025-02-12,"CSC",4,43,"TUT-109",60,NA,NA,1,NA,"CSC_size_PM",NA,NA,NA,NA,NA,NA,NA,NA,NA,NA,NA,NA,13.1064,-14.284747,-170.600404,1,1,0,607
"223",2025-02-12,"CSC",4,43,"TUT-109",60,NA,NA,0,NA,"CSC_size_PM",NA,NA,NA,NA,NA,NA,NA,NA,NA,NA,NA,NA,13.1064,-14.284747,-170.600404,1,1,0,607
"224",2025-02-12,"CSC",4,43,"TUT-109",60,NA,NA,55,NA,"CSC_size_PM",NA,NA,NA,NA,NA,NA,NA,NA,NA,NA,NA,NA,13.1064,-14.284747,-170.600404,1,1,0,607
"225",2025-02-12,"CSC",4,43,"TUT-109",60,NA,NA,1,NA,"CSC_size_PM",NA,NA,NA,NA,NA,NA,NA,NA,NA,NA,NA,NA,13.1064,-14.284747,-170.600404,1,1,0,607
"226",2025-02-12,"CSC",4,43,"TUT-109",60,NA,NA,0,NA,"CSC_size_PM",NA,NA,NA,NA,NA,NA,NA,NA,NA,NA,NA,NA,13.1064,-14.284747,-170.600404,1,1,0,607
"227",2025-02-12,"CSC",4,43,"TUT-109",60,NA,NA,15,NA,"CSC_size_PM",NA,NA,NA,NA,NA,NA,NA,NA,NA,NA,NA,NA,13.1064,-14.284747,-170.600404,1,1,0,607
"228",2025-02-12,"CSC",4,43,"TUT-109",60,NA,NA,0,NA,"CSC_size_PM",NA,NA,NA,NA,NA,NA,NA,NA,NA,NA,NA,NA,13.1064,-14.284747,-170.600404,1,1,0,607
"229",2025-02-12,"CSC",4,43,"TUT-109",60,NA,NA,0,NA,"CSC_size_PM",NA,NA,NA,NA,NA,NA,NA,NA,NA,NA,NA,NA,13.1064,-14.284747,-170.600404,1,1,0,607
"230",2025-02-12,"CSC",4,43,"TUT-109",60,NA,NA,5,NA,"CSC_size_PM",NA,NA,NA,NA,NA,NA,NA,NA,NA,NA,NA,NA,13.1064,-14.284747,-170.600404,1,1,0,607
"231",2025-02-12,"CSC",4,43,"TUT-109",60,NA,NA,75,NA,"CSC_size_PM",NA,NA,NA,NA,NA,NA,NA,NA,NA,NA,NA,NA,13.1064,-14.284747,-170.600404,1,1,0,607
"232",2025-02-12,"CSC",4,43,"TUT-109",60,NA,NA,1,NA,"CSC_size_PM",NA,NA,NA,NA,NA,NA,NA,NA,NA,NA,NA,NA,13.1064,-14.284747,-170.600404,1,1,0,607
"233",2025-02-12,"CSC",4,43,"TUT-109",60,NA,NA,1,NA,"CSC_size_PM",NA,NA,NA,NA,NA,NA,NA,NA,NA,NA,NA,NA,13.1064,-14.284747,-170.600404,1,1,0,607
"234",2025-02-12,"CSC",4,43,"TUT-109",60,NA,NA,10,NA,"CSC_size_PM",NA,NA,NA,NA,NA,NA,NA,NA,NA,NA,NA,NA,13.1064,-14.284747,-170.600404,1,1,0,607
"235",2025-02-12,"CSC",4,43,"TUT-109",60,NA,NA,0,NA,"CSC_size_PM",NA,NA,NA,NA,NA,NA,NA,NA,NA,NA,NA,NA,13.1064,-14.284747,-170.600404,1,1,0,607
"236",2025-02-12,"CSC",4,43,"TUT-109",60,NA,NA,0,NA,"CSC_size_PM",NA,NA,NA,NA,NA,NA,NA,NA,NA,NA,NA,NA,13.1064,-14.284747,-170.600404,1,1,0,607
"237",2025-02-12,"CSC",4,43,"TUT-109",60,NA,NA,0,NA,"CSC_size_PM",NA,NA,NA,NA,NA,NA,NA,NA,NA,NA,NA,NA,13.1064,-14.284747,-170.600404,1,1,0,607
"238",2025-02-12,"CSC",4,43,"TUT-109",60,NA,NA,0,NA,"CSC_size_PM",NA,NA,NA,NA,NA,NA,NA,NA,NA,NA,NA,NA,13.1064,-14.284747,-170.600404,1,1,0,607
"239",2025-02-12,"CSC",4,43,"TUT-109",60,NA,NA,0,NA,"CSC_size_PM",NA,NA,NA,NA,NA,NA,NA,NA,NA,NA,NA,NA,13.1064,-14.284747,-170.600404,1,1,0,607
"240",2025-02-12,"CSC",4,43,"TUT-109",60,NA,NA,10,NA,"CSC_size_PM",NA,NA,NA,NA,NA,NA,NA,NA,NA,NA,NA,NA,13.1064,-14.284747,-170.600404,1,1,0,607
"241",2025-02-12,"CSC",4,43,"TUT-109",60,NA,NA,10,NA,"CSC_size_PM",NA,NA,NA,NA,NA,NA,NA,NA,NA,NA,NA,NA,13.1064,-14.284747,-170.600404,1,1,0,607
"242",2025-02-12,"CSC",4,43,"TUT-109",60,NA,NA,1,NA,"CSC_size_PM",NA,NA,NA,NA,NA,NA,NA,NA,NA,NA,NA,NA,13.1064,-14.284747,-170.600404,1,1,0,607
"243",2025-02-12,"CSC",4,43,"TUT-109",60,NA,NA,20,NA,"CSC_size_PM",NA,NA,NA,NA,NA,NA,NA,NA,NA,NA,NA,NA,13.1064,-14.284747,-170.600404,1,1,0,607
"244",2025-02-12,"CSC",4,43,"TUT-109",60,NA,NA,0,NA,"CSC_size_PM",NA,NA,NA,NA,NA,NA,NA,NA,NA,NA,NA,NA,13.1064,-14.284747,-170.600404,1,1,0,607
"245",2025-02-12,"CSC",4,31,"TUT-052",60,NA,NA,30,NA,"CSC_size_PM",NA,NA,NA,NA,NA,NA,NA,NA,NA,NA,NA,NA,9.4488,-14.257004,-170.587948,1,1,0,1
"246",2025-02-12,"CSC",4,27,"TUT-120",60,NA,NA,20,NA,"CSC_size_PM",NA,NA,NA,NA,NA,NA,NA,NA,NA,NA,NA,NA,8.2296,-14.293418,-170.65432,1,1,0,7
"247",2025-02-12,"CSC",4,27,"TUT-120",60,NA,NA,1,NA,"CSC_size_PM",NA,NA,NA,NA,NA,NA,NA,NA,NA,NA,NA,NA,8.2296,-14.293418,-170.65432,1,1,0,7
"248",2025-02-12,"CSC",4,27,"TUT-120",60,NA,NA,60,NA,"CSC_size_PM",NA,NA,NA,NA,NA,NA,NA,NA,NA,NA,NA,NA,8.2296,-14.293418,-170.65432,1,1,0,7
"249",2025-02-12,"CSC",4,27,"TUT-120",60,NA,NA,25,NA,"CSC_size_PM",NA,NA,NA,NA,NA,NA,NA,NA,NA,NA,NA,NA,8.2296,-14.293418,-170.65432,1,1,0,7
"250",2025-02-12,"CSC",4,27,"TUT-120",60,NA,NA,20,NA,"CSC_size_PM",NA,NA,NA,NA,NA,NA,NA,NA,NA,NA,NA,NA,8.2296,-14.293418,-170.65432,1,1,0,7
"251",2025-02-13,"CSC",4,37,"TUT-205",60,55,35,NA,NA,"CSC_size_PM",NA,NA,NA,NA,NA,NA,NA,NA,NA,NA,NA,NA,11.2776,-14.320028,-170.695249,1,0,2,0
"252",2025-02-13,"CSC",4,55,"TUT-113",60,25,1,NA,NA,"CSC_size_PM",NA,NA,NA,NA,NA,NA,NA,NA,NA,NA,NA,NA,16.764,-14.323617,-170.67021,1,1,6,0
"253",2025-02-13,"CSC",4,55,"TUT-113",60,50,15,NA,NA,"CSC_size_PM",NA,NA,NA,NA,NA,NA,NA,NA,NA,NA,NA,NA,16.764,-14.323617,-170.67021,1,1,6,0
"254",2025-02-14,"CSC",4,40,"TUT-093",60,54,1,40,"classic","CSC_size_PM",NA,NA,NA,NA,NA,NA,NA,NA,NA,NA,NA,NA,12.192,-14.337165,-170.711077,1,1,8,18
"255",2025-02-14,"CSC",4,40,"TUT-093",60,50,35,2,"funky short","CSC_size_PM",NA,NA,NA,NA,NA,NA,NA,NA,NA,NA,NA,NA,12.192,-14.337165,-170.711077,1,1,8,18
"256",2025-02-14,"CSC",4,40,"TUT-093",60,45,5,5,"classic","CSC_size_PM",NA,NA,NA,NA,NA,NA,NA,NA,NA,NA,NA,NA,12.192,-14.337165,-170.711077,1,1,8,18
"257",2025-02-14,"CSC",4,40,"TUT-093",60,NA,NA,2,NA,"CSC_size_PM",NA,NA,NA,NA,NA,NA,NA,NA,NA,NA,NA,NA,12.192,-14.337165,-170.711077,1,1,8,18
"258",2025-02-14,"CSC",4,43,"TUT-074",60,24,15,95,NA,"CSC_size_PM",NA,NA,NA,NA,NA,NA,NA,NA,NA,NA,NA,NA,13.1064,-14.360978,-170.736214,1,1,7,2
"259",2025-02-14,"CSC",4,43,"TUT-074",60,NA,NA,20,NA,"CSC_size_PM",NA,NA,NA,NA,NA,NA,NA,NA,NA,NA,NA,NA,13.1064,-14.360978,-170.736214,1,1,7,2
"260",2025-02-14,"CSC",4,40,"TUT-206",60,45,5,NA,"too amony?","CSC_size_PM",NA,NA,NA,NA,NA,NA,NA,NA,NA,NA,NA,NA,12.192,-14.316944,-170.69317,1,0,3,0
"261",2025-02-14,"CSC",4,33,"TUT-207",60,NA,30,NA,NA,"CSC_size_PM",NA,NA,NA,NA,NA,NA,NA,NA,NA,NA,NA,NA,10.0584,-14.303783,-170.683308,1,1,2,8
"262",2025-02-14,"CSC",4,33,"TUT-207",60,NA,20,NA,NA,"CSC_size_PM",NA,NA,NA,NA,NA,NA,NA,NA,NA,NA,NA,NA,10.0584,-14.303783,-170.683308,1,1,2,8
"263",2025-02-08,"KT",3,31,"TUT-125",60,NA,NA,0,NA,"KT_size_PM",NA,NA,NA,NA,NA,NA,NA,NA,NA,NA,NA,NA,9.4488,-14.349654,-170.788046,1,1,3,22
"264",2025-02-08,"KT",3,31,"TUT-125",60,NA,NA,50,NA,"KT_size_PM",NA,NA,2025-02-09,"KT",3,27,"TUT-143",NA,NA,NA,50,NA,9.4488,-14.349654,-170.788046,1,1,3,22
"265",2025-02-08,"KT",3,31,"TUT-125",60,NA,NA,60,NA,"KT_size_PM",NA,NA,2025-02-10,"KT",3,51,"TUT-169",NA,NA,NA,60,NA,9.4488,-14.349654,-170.788046,1,1,3,22
"266",2025-02-08,"KT",3,31,"TUT-125",60,NA,NA,85,NA,"KT_size_PM",NA,NA,2025-02-11,"KT",3,57,"TUT-138",NA,NA,NA,85,"Lobophyllia field",9.4488,-14.349654,-170.788046,1,1,3,22
"267",2025-02-08,"KT",3,31,"TUT-125",60,NA,NA,80,NA,"KT_size_PM",NA,NA,2025-02-12,"KT",3,NA,NA,NA,NA,NA,80,NA,9.4488,-14.349654,-170.788046,1,1,3,22
"268",2025-02-08,"KT",3,31,"TUT-125",60,NA,NA,5,NA,"KT_size_PM",NA,NA,NA,NA,NA,NA,NA,NA,NA,NA,5,NA,9.4488,-14.349654,-170.788046,1,1,3,22
"269",2025-02-08,"KT",3,31,"TUT-125",60,NA,NA,25,NA,"KT_size_PM",NA,NA,NA,NA,NA,NA,NA,NA,NA,NA,25,NA,9.4488,-14.349654,-170.788046,1,1,3,22
"270",2025-02-08,"KT",3,31,"TUT-125",60,NA,NA,90,NA,"KT_size_PM",NA,NA,NA,NA,NA,NA,NA,NA,NA,NA,90,NA,9.4488,-14.349654,-170.788046,1,1,3,22
"271",2025-02-08,"KT",3,31,"TUT-125",60,NA,NA,80,NA,"KT_size_PM",NA,NA,NA,NA,NA,NA,NA,NA,NA,NA,NA,NA,9.4488,-14.349654,-170.788046,1,1,3,22
"272",2025-02-08,"KT",3,31,"TUT-125",60,NA,NA,0,NA,"KT_size_PM",NA,NA,NA,NA,NA,NA,NA,NA,NA,NA,NA,NA,9.4488,-14.349654,-170.788046,1,1,3,22
"273",2025-02-08,"KT",3,31,"TUT-125",60,NA,NA,25,NA,"KT_size_PM",NA,NA,NA,NA,NA,NA,NA,NA,NA,NA,NA,NA,9.4488,-14.349654,-170.788046,1,1,3,22
"274",2025-02-08,"KT",3,31,"TUT-125",60,NA,NA,50,NA,"KT_size_PM",NA,NA,NA,NA,NA,NA,NA,NA,NA,NA,NA,NA,9.4488,-14.349654,-170.788046,1,1,3,22
"275",2025-02-08,"KT",3,31,"TUT-125",60,NA,NA,25,NA,"KT_size_PM",NA,NA,NA,NA,NA,NA,NA,NA,NA,NA,NA,NA,9.4488,-14.349654,-170.788046,1,1,3,22
"276",2025-02-08,"KT",3,27,"TUT-143",60,NA,NA,0,NA,"KT_size_PM",NA,NA,NA,NA,NA,NA,NA,NA,NA,NA,NA,NA,8.2296,-14.365158,-170.761604,1,1,2,37
"277",2025-02-08,"KT",3,27,"TUT-143",60,NA,NA,0,NA,"KT_size_PM",NA,NA,NA,NA,NA,NA,NA,NA,NA,NA,NA,NA,8.2296,-14.365158,-170.761604,1,1,2,37
"278",2025-02-08,"KT",3,27,"TUT-169",60,NA,NA,0,NA,"KT_size_PM",NA,NA,NA,NA,NA,NA,NA,NA,NA,NA,NA,NA,8.2296,-14.330384,-170.812348,1,1,0,59
"279",2025-02-08,"KT",3,27,"TUT-169",60,NA,NA,70,NA,"KT_size_PM",NA,NA,NA,NA,NA,NA,NA,NA,NA,NA,NA,NA,8.2296,-14.330384,-170.812348,1,1,0,59
"280",2025-02-08,"KT",3,27,"TUT-169",60,NA,NA,95,NA,"KT_size_PM",NA,NA,NA,NA,NA,NA,NA,NA,NA,NA,NA,NA,8.2296,-14.330384,-170.812348,1,1,0,59
"281",2025-02-08,"KT",3,27,"TUT-169",60,NA,NA,99,NA,"KT_size_PM",NA,NA,NA,NA,NA,NA,NA,NA,NA,NA,NA,NA,8.2296,-14.330384,-170.812348,1,1,0,59
"282",2025-02-08,"KT",3,27,"TUT-169",60,NA,NA,0,NA,"KT_size_PM",NA,NA,NA,NA,NA,NA,NA,NA,NA,NA,NA,NA,8.2296,-14.330384,-170.812348,1,1,0,59
"283",2025-02-08,"KT",3,27,"TUT-169",60,NA,NA,0,NA,"KT_size_PM",NA,NA,NA,NA,NA,NA,NA,NA,NA,NA,NA,NA,8.2296,-14.330384,-170.812348,1,1,0,59
"284",2025-02-08,"KT",3,27,"TUT-169",60,NA,NA,50,NA,"KT_size_PM",NA,NA,NA,NA,NA,NA,NA,NA,NA,NA,NA,NA,8.2296,-14.330384,-170.812348,1,1,0,59
"285",2025-02-08,"KT",3,27,"TUT-169",60,NA,NA,95,NA,"KT_size_PM",NA,NA,NA,NA,NA,NA,NA,NA,NA,NA,NA,NA,8.2296,-14.330384,-170.812348,1,1,0,59
"286",2025-02-08,"KT",3,27,"TUT-169",60,NA,NA,1,NA,"KT_size_PM",NA,NA,NA,NA,NA,NA,NA,NA,NA,NA,NA,NA,8.2296,-14.330384,-170.812348,1,1,0,59
"287",2025-02-08,"KT",3,27,"TUT-169",60,NA,NA,70,NA,"KT_size_PM",NA,NA,NA,NA,NA,NA,NA,NA,NA,NA,NA,NA,8.2296,-14.330384,-170.812348,1,1,0,59
"288",2025-02-08,"KT",3,27,"TUT-169",60,NA,NA,90,NA,"KT_size_PM",NA,NA,NA,NA,NA,NA,NA,NA,NA,NA,NA,NA,8.2296,-14.330384,-170.812348,1,1,0,59
"289",2025-02-08,"KT",3,27,"TUT-169",60,NA,NA,80,NA,"KT_size_PM",NA,NA,NA,NA,NA,NA,NA,NA,NA,NA,NA,NA,8.2296,-14.330384,-170.812348,1,1,0,59
"290",2025-02-08,"KT",3,27,"TUT-169",60,NA,NA,0,NA,"KT_size_PM",NA,NA,NA,NA,NA,NA,NA,NA,NA,NA,NA,NA,8.2296,-14.330384,-170.812348,1,1,0,59
"291",2025-02-08,"KT",3,27,"TUT-169",60,NA,NA,50,NA,"KT_size_PM",NA,NA,NA,NA,NA,NA,NA,NA,NA,NA,NA,NA,8.2296,-14.330384,-170.812348,1,1,0,59
"292",2025-02-08,"KT",3,27,"TUT-169",60,NA,NA,10,NA,"KT_size_PM",NA,NA,NA,NA,NA,NA,NA,NA,NA,NA,NA,NA,8.2296,-14.330384,-170.812348,1,1,0,59
"293",2025-02-08,"KT",3,27,"TUT-169",60,NA,NA,5,NA,"KT_size_PM",NA,NA,NA,NA,NA,NA,NA,NA,NA,NA,NA,NA,8.2296,-14.330384,-170.812348,1,1,0,59
"294",2025-02-08,"KT",3,27,"TUT-169",60,NA,NA,60,NA,"KT_size_PM",NA,NA,NA,NA,NA,NA,NA,NA,NA,NA,NA,NA,8.2296,-14.330384,-170.812348,1,1,0,59
"295",2025-02-08,"KT",3,27,"TUT-169",60,NA,NA,95,NA,"KT_size_PM",NA,NA,NA,NA,NA,NA,NA,NA,NA,NA,NA,NA,8.2296,-14.330384,-170.812348,1,1,0,59
"296",2025-02-08,"KT",3,57,"TUT-138",60,NA,NA,NA,NA,"KT_size_PM",NA,NA,NA,NA,NA,NA,NA,NA,NA,NA,NA,NA,17.3736,-14.336215,-170.802999,0,0,0,0
"297",2025-02-10,"KT",3,35,"TUT-102",60,15,0,NA,"funky","KT_size_PM",NA,NA,NA,NA,NA,NA,NA,NA,NA,NA,NA,NA,10.668,-14.334349,-170.700307,1,0,1,0
"298",2025-02-10,"KT",3,30,"TUT-201",60,35,0,NA,"classic","KT_size_PM",NA,NA,NA,NA,NA,NA,NA,NA,NA,NA,NA,NA,9.144,-14.297134,-170.811783,1,1,4,0
"299",2025-02-10,"KT",3,33,"TUT-069",60,NA,NA,NA,"B+B off transect","KT_size_PM",NA,NA,NA,NA,NA,NA,NA,NA,NA,NA,NA,NA,10.0584,-14.291243,-170.792502,1,0,1,0
"300",2025-02-11,"KT",3,35,"TUT-115",60,NA,NA,0,NA,"KT_size_PM",NA,NA,NA,NA,NA,NA,NA,NA,NA,NA,NA,NA,10.668,-14.273272,-170.570134,1,1,0,9
"301",2025-02-11,"KT",3,35,"TUT-115",60,NA,NA,5,NA,"KT_size_PM",NA,NA,NA,NA,NA,NA,NA,NA,NA,NA,NA,NA,10.668,-14.273272,-170.570134,1,1,0,9
"302",2025-02-11,"KT",3,35,"TUT-115",60,NA,NA,10,NA,"KT_size_PM",NA,NA,NA,NA,NA,NA,NA,NA,NA,NA,NA,NA,10.668,-14.273272,-170.570134,1,1,0,9
"303",2025-02-11,"KT",3,35,"TUT-115",60,NA,NA,0,NA,"KT_size_PM",NA,NA,NA,NA,NA,NA,NA,NA,NA,NA,NA,NA,10.668,-14.273272,-170.570134,1,1,0,9
"304",2025-02-11,"KT",3,35,"TUT-115",60,NA,NA,0,NA,"KT_size_PM",NA,NA,NA,NA,NA,NA,NA,NA,NA,NA,NA,NA,10.668,-14.273272,-170.570134,1,1,0,9
"305",2025-02-11,"KT",3,35,"TUT-115",60,NA,NA,0,NA,"KT_size_PM",NA,NA,NA,NA,NA,NA,NA,NA,NA,NA,NA,NA,10.668,-14.273272,-170.570134,1,1,0,9
"306",2025-02-11,"KT",3,35,"TUT-115",60,NA,NA,5,NA,"KT_size_PM",NA,NA,NA,NA,NA,NA,NA,NA,NA,NA,NA,NA,10.668,-14.273272,-170.570134,1,1,0,9
"307",2025-02-11,"KT",3,35,"TUT-115",60,NA,NA,5,NA,"KT_size_PM",NA,NA,NA,NA,NA,NA,NA,NA,NA,NA,NA,NA,10.668,-14.273272,-170.570134,1,1,0,9
"308",2025-02-11,"KT",3,30,"TUT-046",60,NA,NA,NA,NA,"KT_size_PM",NA,NA,NA,NA,NA,NA,NA,NA,NA,NA,NA,NA,9.144,-14.260084,-170.704549,0,0,0,0
"309",2025-02-11,"KT",3,30,"TUT-041",60,30,30,NA,"AGLO ~30 ft. Could be good for fixed site","KT_size_PM",NA,NA,NA,NA,NA,NA,NA,NA,NA,NA,NA,NA,9.144,-14.25037,-170.690159,1,0,1,0
"310",2025-02-11,"KT",3,32,"TUT-053",60,30,0,NA,"AGLO classic","KT_size_PM",NA,NA,NA,NA,NA,NA,NA,NA,NA,NA,NA,NA,9.7536,-14.248415,-170.659327,1,0,6,0
"311",2025-02-11,"KT",3,32,"TUT-053",60,40,0,NA,"AGLO classic","KT_size_PM",NA,NA,NA,NA,NA,NA,NA,NA,NA,NA,NA,NA,9.7536,-14.248415,-170.659327,1,0,6,0
"312",2025-02-11,"KT",3,32,"TUT-053",60,15,20,NA,"AGLO funky","KT_size_PM",NA,NA,NA,NA,NA,NA,NA,NA,NA,NA,NA,NA,9.7536,-14.248415,-170.659327,1,0,6,0
"313",2025-02-12,"KT",3,20,"TUT-023",60,NA,NA,NA,NA,"KT_size_PM",NA,NA,NA,NA,NA,NA,NA,NA,NA,NA,NA,NA,6.096,-14.255458,-170.623423,1,0,0,0
"314",2025-02-12,"KT",3,33,"TUT-109",60,NA,NA,5,NA,"KT_size_PM",NA,NA,NA,NA,NA,NA,NA,NA,NA,NA,NA,NA,10.0584,-14.284747,-170.600404,1,1,0,607
"315",2025-02-12,"KT",3,33,"TUT-109",60,NA,NA,30,NA,"KT_size_PM",NA,NA,NA,NA,NA,NA,NA,NA,NA,NA,NA,NA,10.0584,-14.284747,-170.600404,1,1,0,607
"316",2025-02-12,"KT",3,33,"TUT-109",60,NA,NA,0,NA,"KT_size_PM",NA,NA,NA,NA,NA,NA,NA,NA,NA,NA,NA,NA,10.0584,-14.284747,-170.600404,1,1,0,607
"317",2025-02-12,"KT",3,33,"TUT-109",60,NA,NA,5,NA,"KT_size_PM",NA,NA,NA,NA,NA,NA,NA,NA,NA,NA,NA,NA,10.0584,-14.284747,-170.600404,1,1,0,607
"318",2025-02-12,"KT",3,33,"TUT-109",60,NA,NA,70,NA,"KT_size_PM",NA,NA,NA,NA,NA,NA,NA,NA,NA,NA,NA,NA,10.0584,-14.284747,-170.600404,1,1,0,607
"319",2025-02-12,"KT",3,33,"TUT-109",60,NA,NA,0,NA,"KT_size_PM",NA,NA,NA,NA,NA,NA,NA,NA,NA,NA,NA,NA,10.0584,-14.284747,-170.600404,1,1,0,607
"320",2025-02-12,"KT",3,33,"TUT-109",60,NA,NA,60,NA,"KT_size_PM",NA,NA,NA,NA,NA,NA,NA,NA,NA,NA,NA,NA,10.0584,-14.284747,-170.600404,1,1,0,607
"321",2025-02-12,"KT",3,33,"TUT-109",60,NA,NA,5,NA,"KT_size_PM",NA,NA,NA,NA,NA,NA,NA,NA,NA,NA,NA,NA,10.0584,-14.284747,-170.600404,1,1,0,607
"322",2025-02-12,"KT",3,33,"TUT-109",60,NA,NA,90,NA,"KT_size_PM",NA,NA,NA,NA,NA,NA,NA,NA,NA,NA,NA,NA,10.0584,-14.284747,-170.600404,1,1,0,607
"323",2025-02-12,"KT",3,33,"TUT-109",60,NA,NA,95,NA,"KT_size_PM",NA,NA,NA,NA,NA,NA,NA,NA,NA,NA,NA,NA,10.0584,-14.284747,-170.600404,1,1,0,607
"324",2025-02-12,"KT",3,33,"TUT-109",60,NA,NA,10,NA,"KT_size_PM",NA,NA,NA,NA,NA,NA,NA,NA,NA,NA,NA,NA,10.0584,-14.284747,-170.600404,1,1,0,607
"325",2025-02-12,"KT",3,33,"TUT-109",60,NA,NA,0,NA,"KT_size_PM",NA,NA,NA,NA,NA,NA,NA,NA,NA,NA,NA,NA,10.0584,-14.284747,-170.600404,1,1,0,607
"326",2025-02-12,"KT",3,33,"TUT-109",60,NA,NA,30,NA,"KT_size_PM",NA,NA,NA,NA,NA,NA,NA,NA,NA,NA,NA,NA,10.0584,-14.284747,-170.600404,1,1,0,607
"327",2025-02-12,"KT",3,33,"TUT-109",60,NA,NA,5,NA,"KT_size_PM",NA,NA,NA,NA,NA,NA,NA,NA,NA,NA,NA,NA,10.0584,-14.284747,-170.600404,1,1,0,607
"328",2025-02-12,"KT",3,33,"TUT-109",60,NA,NA,0,NA,"KT_size_PM",NA,NA,NA,NA,NA,NA,NA,NA,NA,NA,NA,NA,10.0584,-14.284747,-170.600404,1,1,0,607
"329",2025-02-12,"KT",3,33,"TUT-109",60,NA,NA,50,NA,"KT_size_PM",NA,NA,NA,NA,NA,NA,NA,NA,NA,NA,NA,NA,10.0584,-14.284747,-170.600404,1,1,0,607
"330",2025-02-12,"KT",3,33,"TUT-109",60,NA,NA,10,NA,"KT_size_PM",NA,NA,NA,NA,NA,NA,NA,NA,NA,NA,NA,NA,10.0584,-14.284747,-170.600404,1,1,0,607
"331",2025-02-12,"KT",3,33,"TUT-109",60,NA,NA,0,NA,"KT_size_PM",NA,NA,NA,NA,NA,NA,NA,NA,NA,NA,NA,NA,10.0584,-14.284747,-170.600404,1,1,0,607
"332",2025-02-12,"KT",3,33,"TUT-109",60,NA,NA,0,NA,"KT_size_PM",NA,NA,NA,NA,NA,NA,NA,NA,NA,NA,NA,NA,10.0584,-14.284747,-170.600404,1,1,0,607
"333",2025-02-12,"KT",3,33,"TUT-109",60,NA,NA,20,NA,"KT_size_PM",NA,NA,NA,NA,NA,NA,NA,NA,NA,NA,NA,NA,10.0584,-14.284747,-170.600404,1,1,0,607
"334",2025-02-12,"KT",3,33,"TUT-109",60,NA,NA,5,NA,"KT_size_PM",NA,NA,NA,NA,NA,NA,NA,NA,NA,NA,NA,NA,10.0584,-14.284747,-170.600404,1,1,0,607
"335",2025-02-12,"KT",3,33,"TUT-109",60,NA,NA,0,NA,"KT_size_PM",NA,NA,NA,NA,NA,NA,NA,NA,NA,NA,NA,NA,10.0584,-14.284747,-170.600404,1,1,0,607
"336",2025-02-12,"KT",3,33,"TUT-109",60,NA,NA,0,NA,"KT_size_PM",NA,NA,NA,NA,NA,NA,NA,NA,NA,NA,NA,NA,10.0584,-14.284747,-170.600404,1,1,0,607
"337",2025-02-12,"KT",3,33,"TUT-109",60,NA,NA,0,NA,"KT_size_PM",NA,NA,NA,NA,NA,NA,NA,NA,NA,NA,NA,NA,10.0584,-14.284747,-170.600404,1,1,0,607
"338",2025-02-12,"KT",3,33,"TUT-109",60,NA,NA,10,NA,"KT_size_PM",NA,NA,NA,NA,NA,NA,NA,NA,NA,NA,NA,NA,10.0584,-14.284747,-170.600404,1,1,0,607
"339",2025-02-12,"KT",3,33,"TUT-109",60,NA,NA,5,NA,"KT_size_PM",NA,NA,NA,NA,NA,NA,NA,NA,NA,NA,NA,NA,10.0584,-14.284747,-170.600404,1,1,0,607
"340",2025-02-12,"KT",3,33,"TUT-109",60,NA,NA,5,NA,"KT_size_PM",NA,NA,NA,NA,NA,NA,NA,NA,NA,NA,NA,NA,10.0584,-14.284747,-170.600404,1,1,0,607
"341",2025-02-12,"KT",3,33,"TUT-109",60,NA,NA,75,NA,"KT_size_PM",NA,NA,NA,NA,NA,NA,NA,NA,NA,NA,NA,NA,10.0584,-14.284747,-170.600404,1,1,0,607
"342",2025-02-12,"KT",3,33,"TUT-109",60,NA,NA,10,NA,"KT_size_PM",NA,NA,NA,NA,NA,NA,NA,NA,NA,NA,NA,NA,10.0584,-14.284747,-170.600404,1,1,0,607
"343",2025-02-12,"KT",3,33,"TUT-109",60,NA,NA,20,NA,"KT_size_PM",NA,NA,NA,NA,NA,NA,NA,NA,NA,NA,NA,NA,10.0584,-14.284747,-170.600404,1,1,0,607
"344",2025-02-12,"KT",3,25,"TUT-076",60,NA,NA,30,NA,"KT_size_PM",NA,NA,NA,NA,NA,NA,NA,NA,NA,NA,NA,NA,7.62,-14.283504,-170.631611,1,1,0,11
"345",2025-02-12,"KT",3,25,"TUT-076",60,NA,NA,80,NA,"KT_size_PM",NA,NA,NA,NA,NA,NA,NA,NA,NA,NA,NA,NA,7.62,-14.283504,-170.631611,1,1,0,11
"346",2025-02-12,"KT",3,25,"TUT-076",60,NA,NA,80,NA,"KT_size_PM",NA,NA,NA,NA,NA,NA,NA,NA,NA,NA,NA,NA,7.62,-14.283504,-170.631611,1,1,0,11
"347",2025-02-12,"KT",3,25,"TUT-076",60,NA,NA,0,NA,"KT_size_PM",NA,NA,NA,NA,NA,NA,NA,NA,NA,NA,NA,NA,7.62,-14.283504,-170.631611,1,1,0,11
"348",2025-02-12,"KT",3,25,"TUT-076",60,NA,NA,0,NA,"KT_size_PM",NA,NA,NA,NA,NA,NA,NA,NA,NA,NA,NA,NA,7.62,-14.283504,-170.631611,1,1,0,11
"349",2025-02-12,"KT",3,25,"TUT-076",60,NA,NA,0,NA,"KT_size_PM",NA,NA,NA,NA,NA,NA,NA,NA,NA,NA,NA,NA,7.62,-14.283504,-170.631611,1,1,0,11
"350",2025-02-12,"KT",3,25,"TUT-076",60,NA,NA,0,NA,"KT_size_PM",NA,NA,NA,NA,NA,NA,NA,NA,NA,NA,NA,NA,7.62,-14.283504,-170.631611,1,1,0,11
"351",2025-02-12,"KT",3,25,"TUT-204",60,NA,NA,20,NA,"KT_size_PM",NA,NA,NA,NA,NA,NA,NA,NA,NA,NA,NA,NA,7.62,-14.29099,-170.560818,1,1,3,5
"352",2025-02-12,"KT",3,25,"TUT-204",60,NA,NA,0,NA,"KT_size_PM",NA,NA,NA,NA,NA,NA,NA,NA,NA,NA,NA,NA,7.62,-14.29099,-170.560818,1,1,3,5
"353",2025-02-12,"KT",3,25,"TUT-204",60,NA,NA,3,NA,"KT_size_PM",NA,NA,NA,NA,NA,NA,NA,NA,NA,NA,NA,NA,7.62,-14.29099,-170.560818,1,1,3,5
"354",2025-02-13,"KT",3,25,"TUT-205",60,20,10,NA,"B+B","KT_size_PM",NA,NA,NA,NA,NA,NA,NA,NA,NA,NA,NA,NA,7.62,-14.320028,-170.695249,1,0,2,0
"355",2025-02-13,"KT",3,35,"TUT-104",60,30,10,NA,"Classic but check growing edge","KT_size_PM",NA,NA,NA,NA,NA,NA,NA,NA,NA,NA,NA,NA,10.668,-14.316648,-170.65397,1,1,4,0
"356",2025-02-13,"KT",3,25,"TUT-082",60,NA,NA,NA,NA,"KT_size_PM",NA,NA,NA,NA,NA,NA,NA,NA,NA,NA,NA,NA,7.62,-14.273839,-170.6078,1,0,0,0
"357",2025-02-13,"KT",3,25,"TUT-095",60,NA,NA,0,NA,"KT_size_PM",NA,NA,NA,NA,NA,NA,NA,NA,NA,NA,NA,NA,7.62,-14.276917,-170.625248,0,1,0,4
"358",2025-02-13,"KT",3,25,"TUT-095",60,NA,NA,0,NA,"KT_size_PM",NA,NA,NA,NA,NA,NA,NA,NA,NA,NA,NA,NA,7.62,-14.276917,-170.625248,0,1,0,4
"359",2025-02-13,"KT",3,25,"TUT-095",60,NA,NA,0,NA,"KT_size_PM",NA,NA,NA,NA,NA,NA,NA,NA,NA,NA,NA,NA,7.62,-14.276917,-170.625248,0,1,0,4
"360",2025-02-13,"KT",3,25,"TUT-095",60,NA,NA,0,NA,"KT_size_PM",NA,NA,NA,NA,NA,NA,NA,NA,NA,NA,NA,NA,7.62,-14.276917,-170.625248,0,1,0,4
"361",2025-02-14,"KT",3,30,"TUT-208",60,50,10,NA,NA,"KT_size_PM",NA,NA,NA,NA,NA,NA,NA,NA,NA,NA,NA,NA,9.144,-14.348332,-170.725342,1,1,3,1
"362",2025-02-14,"KT",3,34,"TUT-074",60,50,20,NA,NA,"KT_size_PM",NA,NA,NA,NA,NA,NA,NA,NA,NA,NA,NA,NA,10.3632,-14.360978,-170.736214,1,1,7,2
"363",2025-02-14,"KT",3,34,"TUT-074",60,50,10,NA,NA,"KT_size_PM",NA,NA,NA,NA,NA,NA,NA,NA,NA,NA,NA,NA,10.3632,-14.360978,-170.736214,1,1,7,2
"364",2025-02-14,"KT",3,25,"TUT-206",60,30,0,NA,NA,"KT_size_PM",NA,NA,NA,NA,NA,NA,NA,NA,NA,NA,NA,NA,7.62,-14.316944,-170.69317,1,0,3,0
"365",2025-02-14,"KT",3,25,"TUT-091",60,NA,NA,5,NA,"KT_size_PM",NA,NA,NA,NA,NA,NA,NA,NA,NA,NA,NA,NA,7.62,-14.278903,-170.586065,1,1,1,54
"366",2025-02-14,"KT",3,25,"TUT-091",60,NA,NA,10,NA,"KT_size_PM",NA,NA,NA,NA,NA,NA,NA,NA,NA,NA,NA,NA,7.62,-14.278903,-170.586065,1,1,1,54
"367",2025-02-14,"KT",3,25,"TUT-091",60,NA,NA,30,NA,"KT_size_PM",NA,NA,NA,NA,NA,NA,NA,NA,NA,NA,NA,NA,7.62,-14.278903,-170.586065,1,1,1,54
"368",2025-02-14,"KT",3,25,"TUT-091",60,NA,NA,5,NA,"KT_size_PM",NA,NA,NA,NA,NA,NA,NA,NA,NA,NA,NA,NA,7.62,-14.278903,-170.586065,1,1,1,54
"369",2025-02-14,"KT",3,25,"TUT-091",60,NA,NA,5,NA,"KT_size_PM",NA,NA,NA,NA,NA,NA,NA,NA,NA,NA,NA,NA,7.62,-14.278903,-170.586065,1,1,1,54
"370",2025-02-14,"KT",3,25,"TUT-091",60,NA,NA,0,NA,"KT_size_PM",NA,NA,NA,NA,NA,NA,NA,NA,NA,NA,NA,NA,7.62,-14.278903,-170.586065,1,1,1,54
"371",2025-02-14,"KT",3,25,"TUT-091",60,NA,NA,40,NA,"KT_size_PM",NA,NA,NA,NA,NA,NA,NA,NA,NA,NA,NA,NA,7.62,-14.278903,-170.586065,1,1,1,54
"372",2025-02-14,"KT",3,25,"TUT-091",60,NA,NA,50,NA,"KT_size_PM",NA,NA,NA,NA,NA,NA,NA,NA,NA,NA,NA,NA,7.62,-14.278903,-170.586065,1,1,1,54
"373",2025-02-14,"KT",3,25,"TUT-091",60,NA,NA,5,NA,"KT_size_PM",NA,NA,NA,NA,NA,NA,NA,NA,NA,NA,NA,NA,7.62,-14.278903,-170.586065,1,1,1,54
"374",2025-02-14,"KT",3,25,"TUT-091",60,NA,NA,0,NA,"KT_size_PM",NA,NA,NA,NA,NA,NA,NA,NA,NA,NA,NA,NA,7.62,-14.278903,-170.586065,1,1,1,54
"375",2025-02-14,"KT",3,25,"TUT-091",60,NA,NA,25,NA,"KT_size_PM",NA,NA,NA,NA,NA,NA,NA,NA,NA,NA,NA,NA,7.62,-14.278903,-170.586065,1,1,1,54
"376",2025-02-14,"KT",3,25,"TUT-091",60,NA,NA,0,NA,"KT_size_PM",NA,NA,NA,NA,NA,NA,NA,NA,NA,NA,NA,NA,7.62,-14.278903,-170.586065,1,1,1,54
"377",2025-02-14,"KT",3,25,"TUT-091",60,NA,NA,0,NA,"KT_size_PM",NA,NA,NA,NA,NA,NA,NA,NA,NA,NA,NA,NA,7.62,-14.278903,-170.586065,1,1,1,54
"378",2025-02-14,"KT",3,25,"TUT-091",60,NA,NA,90,NA,"KT_size_PM",NA,NA,NA,NA,NA,NA,NA,NA,NA,NA,NA,NA,7.62,-14.278903,-170.586065,1,1,1,54
"379",2025-02-14,"KT",3,25,"TUT-091",60,NA,NA,0,NA,"KT_size_PM",NA,NA,NA,NA,NA,NA,NA,NA,NA,NA,NA,NA,7.62,-14.278903,-170.586065,1,1,1,54
"380",2025-02-14,"KT",3,25,"TUT-091",60,NA,NA,10,NA,"KT_size_PM",NA,NA,NA,NA,NA,NA,NA,NA,NA,NA,NA,NA,7.62,-14.278903,-170.586065,1,1,1,54
"381",2025-02-14,"KT",3,25,"TUT-091",60,NA,NA,0,NA,"KT_size_PM",NA,NA,NA,NA,NA,NA,NA,NA,NA,NA,NA,NA,7.62,-14.278903,-170.586065,1,1,1,54
"382",2025-02-14,"KT",3,25,"TUT-091",60,NA,NA,90,NA,"KT_size_PM",NA,NA,NA,NA,NA,NA,NA,NA,NA,NA,NA,NA,7.62,-14.278903,-170.586065,1,1,1,54
"383",2025-02-14,"KT",3,25,"TUT-091",60,NA,NA,25,NA,"KT_size_PM",NA,NA,NA,NA,NA,NA,NA,NA,NA,NA,NA,NA,7.62,-14.278903,-170.586065,1,1,1,54
"384",2025-02-07,"BH",1,43,"TUT-210",60,30,0,5,"Classic","BH_size_PM",NA,NA,NA,NA,NA,NA,NA,NA,NA,NA,NA,NA,13.1064,-14.301899,-170.679903,1,1,1,10
"385",2025-02-07,"BH",1,43,"TUT-210",60,NA,NA,0,NA,"BH_size_PM",NA,NA,NA,NA,NA,NA,NA,NA,NA,NA,NA,NA,13.1064,-14.301899,-170.679903,1,1,1,10
"386",2025-02-07,"BH",1,43,"TUT-210",60,NA,NA,0,NA,"BH_size_PM",NA,NA,NA,NA,NA,NA,NA,NA,NA,NA,NA,NA,13.1064,-14.301899,-170.679903,1,1,1,10
"387",2025-02-07,"BH",1,43,"TUT-210",60,NA,NA,50,NA,"BH_size_PM",NA,NA,NA,NA,NA,NA,NA,NA,NA,NA,NA,NA,13.1064,-14.301899,-170.679903,1,1,1,10
"388",2025-02-07,"BH",1,43,"TUT-210",60,NA,NA,10,NA,"BH_size_PM",NA,NA,NA,NA,NA,NA,NA,NA,NA,NA,NA,NA,13.1064,-14.301899,-170.679903,1,1,1,10
"389",2025-02-07,"BH",1,43,"TUT-210",60,NA,NA,0,NA,"BH_size_PM",NA,NA,NA,NA,NA,NA,NA,NA,NA,NA,NA,NA,13.1064,-14.301899,-170.679903,1,1,1,10
"390",2025-02-07,"BH",1,43,"TUT-210",60,NA,NA,5,NA,"BH_size_PM",NA,NA,NA,NA,NA,NA,NA,NA,NA,NA,NA,NA,13.1064,-14.301899,-170.679903,1,1,1,10
"391",2025-02-07,"BH",1,43,"TUT-210",60,NA,NA,5,NA,"BH_size_PM",NA,NA,NA,NA,NA,NA,NA,NA,NA,NA,NA,NA,13.1064,-14.301899,-170.679903,1,1,1,10
"392",2025-02-07,"BH",1,49,"TUT-212",60,NA,NA,40,NA,"BH_size_PM",NA,NA,NA,NA,NA,NA,NA,NA,NA,NA,NA,NA,14.9352,-14.338095,-170.793296,1,1,1,40
"393",2025-02-07,"BH",1,49,"TUT-212",60,NA,NA,20,NA,"BH_size_PM",NA,NA,NA,NA,NA,NA,NA,NA,NA,NA,NA,NA,14.9352,-14.338095,-170.793296,1,1,1,40
"394",2025-02-07,"BH",1,49,"TUT-212",60,NA,NA,2,NA,"BH_size_PM",NA,NA,NA,NA,NA,NA,NA,NA,NA,NA,NA,NA,14.9352,-14.338095,-170.793296,1,1,1,40
"395",2025-02-07,"BH",1,49,"TUT-212",60,NA,NA,30,NA,"BH_size_PM",NA,NA,NA,NA,NA,NA,NA,NA,NA,NA,NA,NA,14.9352,-14.338095,-170.793296,1,1,1,40
"396",2025-02-07,"BH",1,49,"TUT-212",60,NA,NA,35,NA,"BH_size_PM",NA,NA,NA,NA,NA,NA,NA,NA,NA,NA,NA,NA,14.9352,-14.338095,-170.793296,1,1,1,40
"397",2025-02-07,"BH",1,49,"TUT-212",60,NA,NA,0,NA,"BH_size_PM",NA,NA,NA,NA,NA,NA,NA,NA,NA,NA,NA,NA,14.9352,-14.338095,-170.793296,1,1,1,40
"398",2025-02-07,"BH",1,49,"TUT-212",60,NA,NA,1,NA,"BH_size_PM",NA,NA,NA,NA,NA,NA,NA,NA,NA,NA,NA,NA,14.9352,-14.338095,-170.793296,1,1,1,40
"399",2025-02-07,"BH",1,49,"TUT-212",60,NA,NA,5,NA,"BH_size_PM",NA,NA,NA,NA,NA,NA,NA,NA,NA,NA,NA,NA,14.9352,-14.338095,-170.793296,1,1,1,40
"400",2025-02-07,"BH",1,49,"TUT-212",60,NA,NA,1,NA,"BH_size_PM",NA,NA,NA,NA,NA,NA,NA,NA,NA,NA,NA,NA,14.9352,-14.338095,-170.793296,1,1,1,40
"401",2025-02-07,"BH",1,49,"TUT-212",60,NA,NA,20,NA,"BH_size_PM",NA,NA,NA,NA,NA,NA,NA,NA,NA,NA,NA,NA,14.9352,-14.338095,-170.793296,1,1,1,40
"402",2025-02-07,"BH",1,49,"TUT-212",60,NA,NA,5,NA,"BH_size_PM",NA,NA,NA,NA,NA,NA,NA,NA,NA,NA,NA,NA,14.9352,-14.338095,-170.793296,1,1,1,40
"403",2025-02-07,"BH",1,49,"TUT-212",60,NA,NA,1,NA,"BH_size_PM",NA,NA,NA,NA,NA,NA,NA,NA,NA,NA,NA,NA,14.9352,-14.338095,-170.793296,1,1,1,40
"404",2025-02-07,"BH",1,49,"TUT-212",60,NA,NA,3,NA,"BH_size_PM",NA,NA,NA,NA,NA,NA,NA,NA,NA,NA,NA,NA,14.9352,-14.338095,-170.793296,1,1,1,40
"405",2025-02-07,"BH",1,49,"TUT-212",60,NA,NA,70,NA,"BH_size_PM",NA,NA,NA,NA,NA,NA,NA,NA,NA,NA,NA,NA,14.9352,-14.338095,-170.793296,1,1,1,40
"406",2025-02-07,"BH",1,49,"TUT-212",60,NA,NA,50,NA,"BH_size_PM",NA,NA,NA,NA,NA,NA,NA,NA,NA,NA,NA,NA,14.9352,-14.338095,-170.793296,1,1,1,40
"407",2025-02-07,"BH",1,21,"TUT-213",60,51,15,1,"Funky","BH_size_PM",NA,NA,NA,NA,NA,NA,NA,NA,NA,NA,NA,NA,6.4008,-14.329327,-170.83181,1,1,2,106
"408",2025-02-07,"BH",1,21,"TUT-213",60,NA,NA,5,NA,"BH_size_PM",NA,NA,NA,NA,NA,NA,NA,NA,NA,NA,NA,NA,6.4008,-14.329327,-170.83181,1,1,2,106
"409",2025-02-07,"BH",1,21,"TUT-213",60,NA,NA,20,NA,"BH_size_PM",NA,NA,NA,NA,NA,NA,NA,NA,NA,NA,NA,NA,6.4008,-14.329327,-170.83181,1,1,2,106
"410",2025-02-07,"BH",1,21,"TUT-213",60,NA,NA,5,NA,"BH_size_PM",NA,NA,NA,NA,NA,NA,NA,NA,NA,NA,NA,NA,6.4008,-14.329327,-170.83181,1,1,2,106
"411",2025-02-07,"BH",1,21,"TUT-213",60,NA,NA,2,NA,"BH_size_PM",NA,NA,NA,NA,NA,NA,NA,NA,NA,NA,NA,NA,6.4008,-14.329327,-170.83181,1,1,2,106
"412",2025-02-07,"BH",1,21,"TUT-213",60,NA,NA,5,NA,"BH_size_PM",NA,NA,NA,NA,NA,NA,NA,NA,NA,NA,NA,NA,6.4008,-14.329327,-170.83181,1,1,2,106
"413",2025-02-07,"BH",1,21,"TUT-213",60,NA,NA,5,NA,"BH_size_PM",NA,NA,NA,NA,NA,NA,NA,NA,NA,NA,NA,NA,6.4008,-14.329327,-170.83181,1,1,2,106
"414",2025-02-07,"BH",1,21,"TUT-213",60,NA,NA,80,NA,"BH_size_PM",NA,NA,NA,NA,NA,NA,NA,NA,NA,NA,NA,NA,6.4008,-14.329327,-170.83181,1,1,2,106
"415",2025-02-07,"BH",1,21,"TUT-213",60,NA,NA,25,NA,"BH_size_PM",NA,NA,NA,NA,NA,NA,NA,NA,NA,NA,NA,NA,6.4008,-14.329327,-170.83181,1,1,2,106
"416",2025-02-07,"BH",1,21,"TUT-213",60,NA,NA,2,NA,"BH_size_PM",NA,NA,NA,NA,NA,NA,NA,NA,NA,NA,NA,NA,6.4008,-14.329327,-170.83181,1,1,2,106
"417",2025-02-07,"BH",1,21,"TUT-213",60,NA,NA,90,NA,"BH_size_PM",NA,NA,NA,NA,NA,NA,NA,NA,NA,NA,NA,NA,6.4008,-14.329327,-170.83181,1,1,2,106
"418",2025-02-07,"BH",1,21,"TUT-213",60,NA,NA,25,NA,"BH_size_PM",NA,NA,NA,NA,NA,NA,NA,NA,NA,NA,NA,NA,6.4008,-14.329327,-170.83181,1,1,2,106
"419",2025-02-07,"BH",1,21,"TUT-213",60,NA,NA,25,NA,"BH_size_PM",NA,NA,NA,NA,NA,NA,NA,NA,NA,NA,NA,NA,6.4008,-14.329327,-170.83181,1,1,2,106
"420",2025-02-07,"BH",1,21,"TUT-213",60,NA,NA,75,NA,"BH_size_PM",NA,NA,NA,NA,NA,NA,NA,NA,NA,NA,NA,NA,6.4008,-14.329327,-170.83181,1,1,2,106
"421",2025-02-07,"BH",1,21,"TUT-213",60,NA,NA,65,NA,"BH_size_PM",NA,NA,NA,NA,NA,NA,NA,NA,NA,NA,NA,NA,6.4008,-14.329327,-170.83181,1,1,2,106
"422",2025-02-07,"BH",1,21,"TUT-213",60,NA,NA,80,NA,"BH_size_PM",NA,NA,NA,NA,NA,NA,NA,NA,NA,NA,NA,NA,6.4008,-14.329327,-170.83181,1,1,2,106
"423",2025-02-07,"BH",1,21,"TUT-213",60,NA,NA,0,NA,"BH_size_PM",NA,NA,NA,NA,NA,NA,NA,NA,NA,NA,NA,NA,6.4008,-14.329327,-170.83181,1,1,2,106
"424",2025-02-07,"BH",1,21,"TUT-213",60,NA,NA,35,NA,"BH_size_PM",NA,NA,NA,NA,NA,NA,NA,NA,NA,NA,NA,NA,6.4008,-14.329327,-170.83181,1,1,2,106
"425",2025-02-07,"BH",1,21,"TUT-213",60,NA,NA,2,NA,"BH_size_PM",NA,NA,NA,NA,NA,NA,NA,NA,NA,NA,NA,NA,6.4008,-14.329327,-170.83181,1,1,2,106
"426",2025-02-07,"BH",1,21,"TUT-213",60,NA,NA,5,NA,"BH_size_PM",NA,NA,NA,NA,NA,NA,NA,NA,NA,NA,NA,NA,6.4008,-14.329327,-170.83181,1,1,2,106
"427",2025-02-07,"BH",1,21,"TUT-213",60,NA,NA,40,NA,"BH_size_PM",NA,NA,NA,NA,NA,NA,NA,NA,NA,NA,NA,NA,6.4008,-14.329327,-170.83181,1,1,2,106
"428",2025-02-07,"BH",1,21,"TUT-213",60,NA,NA,0,NA,"BH_size_PM",NA,NA,NA,NA,NA,NA,NA,NA,NA,NA,NA,NA,6.4008,-14.329327,-170.83181,1,1,2,106
"429",2025-02-07,"BH",1,21,"TUT-213",60,NA,NA,15,NA,"BH_size_PM",NA,NA,NA,NA,NA,NA,NA,NA,NA,NA,NA,NA,6.4008,-14.329327,-170.83181,1,1,2,106
"430",2025-02-07,"BH",1,21,"TUT-213",60,NA,NA,25,NA,"BH_size_PM",NA,NA,NA,NA,NA,NA,NA,NA,NA,NA,NA,NA,6.4008,-14.329327,-170.83181,1,1,2,106
"431",2025-02-07,"BH",1,21,"TUT-213",60,NA,NA,20,NA,"BH_size_PM",NA,NA,NA,NA,NA,NA,NA,NA,NA,NA,NA,NA,6.4008,-14.329327,-170.83181,1,1,2,106
"432",2025-02-07,"BH",1,21,"TUT-213",60,NA,NA,2,NA,"BH_size_PM",NA,NA,NA,NA,NA,NA,NA,NA,NA,NA,NA,NA,6.4008,-14.329327,-170.83181,1,1,2,106
"433",2025-02-07,"BH",1,21,"TUT-213",60,NA,NA,10,NA,"BH_size_PM",NA,NA,NA,NA,NA,NA,NA,NA,NA,NA,NA,NA,6.4008,-14.329327,-170.83181,1,1,2,106
"434",2025-02-07,"BH",1,21,"TUT-213",60,NA,NA,5,NA,"BH_size_PM",NA,NA,NA,NA,NA,NA,NA,NA,NA,NA,NA,NA,6.4008,-14.329327,-170.83181,1,1,2,106
"435",2025-02-07,"BH",1,21,"TUT-213",60,NA,NA,15,NA,"BH_size_PM",NA,NA,NA,NA,NA,NA,NA,NA,NA,NA,NA,NA,6.4008,-14.329327,-170.83181,1,1,2,106
"436",2025-02-07,"BH",1,21,"TUT-213",60,NA,NA,50,NA,"BH_size_PM",NA,NA,NA,NA,NA,NA,NA,NA,NA,NA,NA,NA,6.4008,-14.329327,-170.83181,1,1,2,106
"437",2025-02-08,"BH",1,44,"TUT-169",60,NA,NA,80,NA,"BH_size_PM",NA,NA,NA,NA,NA,NA,NA,NA,NA,NA,NA,NA,13.4112,-14.330384,-170.812348,1,1,0,59
"438",2025-02-08,"BH",1,44,"TUT-169",60,NA,NA,85,NA,"BH_size_PM",NA,NA,NA,NA,NA,NA,NA,NA,NA,NA,NA,NA,13.4112,-14.330384,-170.812348,1,1,0,59
"439",2025-02-08,"BH",1,44,"TUT-169",60,NA,NA,95,NA,"BH_size_PM",NA,NA,NA,NA,NA,NA,NA,NA,NA,NA,NA,NA,13.4112,-14.330384,-170.812348,1,1,0,59
"440",2025-02-08,"BH",1,44,"TUT-169",60,NA,NA,0,NA,"BH_size_PM",NA,NA,NA,NA,NA,NA,NA,NA,NA,NA,NA,NA,13.4112,-14.330384,-170.812348,1,1,0,59
"441",2025-02-08,"BH",1,44,"TUT-169",60,NA,NA,0,NA,"BH_size_PM",NA,NA,NA,NA,NA,NA,NA,NA,NA,NA,NA,NA,13.4112,-14.330384,-170.812348,1,1,0,59
"442",2025-02-08,"BH",1,44,"TUT-169",60,NA,NA,90,NA,"BH_size_PM",NA,NA,NA,NA,NA,NA,NA,NA,NA,NA,NA,NA,13.4112,-14.330384,-170.812348,1,1,0,59
"443",2025-02-08,"BH",1,44,"TUT-169",60,NA,NA,85,NA,"BH_size_PM",NA,NA,NA,NA,NA,NA,NA,NA,NA,NA,NA,NA,13.4112,-14.330384,-170.812348,1,1,0,59
"444",2025-02-08,"BH",1,44,"TUT-169",60,NA,NA,95,NA,"BH_size_PM",NA,NA,NA,NA,NA,NA,NA,NA,NA,NA,NA,NA,13.4112,-14.330384,-170.812348,1,1,0,59
"445",2025-02-08,"BH",1,44,"TUT-169",60,NA,NA,85,NA,"BH_size_PM",NA,NA,NA,NA,NA,NA,NA,NA,NA,NA,NA,NA,13.4112,-14.330384,-170.812348,1,1,0,59
"446",2025-02-08,"BH",1,44,"TUT-169",60,NA,NA,80,NA,"BH_size_PM",NA,NA,NA,NA,NA,NA,NA,NA,NA,NA,NA,NA,13.4112,-14.330384,-170.812348,1,1,0,59
"447",2025-02-08,"BH",1,44,"TUT-169",60,NA,NA,1,NA,"BH_size_PM",NA,NA,NA,NA,NA,NA,NA,NA,NA,NA,NA,NA,13.4112,-14.330384,-170.812348,1,1,0,59
"448",2025-02-08,"BH",1,44,"TUT-169",60,NA,NA,80,NA,"BH_size_PM",NA,NA,NA,NA,NA,NA,NA,NA,NA,NA,NA,NA,13.4112,-14.330384,-170.812348,1,1,0,59
"449",2025-02-08,"BH",1,44,"TUT-169",60,NA,NA,0,NA,"BH_size_PM",NA,NA,NA,NA,NA,NA,NA,NA,NA,NA,NA,NA,13.4112,-14.330384,-170.812348,1,1,0,59
"450",2025-02-08,"BH",1,44,"TUT-169",60,NA,NA,0,NA,"BH_size_PM",NA,NA,NA,NA,NA,NA,NA,NA,NA,NA,NA,NA,13.4112,-14.330384,-170.812348,1,1,0,59
"451",2025-02-08,"BH",1,44,"TUT-169",60,NA,NA,90,NA,"BH_size_PM",NA,NA,NA,NA,NA,NA,NA,NA,NA,NA,NA,NA,13.4112,-14.330384,-170.812348,1,1,0,59
"452",2025-02-08,"BH",1,44,"TUT-169",60,NA,NA,15,NA,"BH_size_PM",NA,NA,NA,NA,NA,NA,NA,NA,NA,NA,NA,NA,13.4112,-14.330384,-170.812348,1,1,0,59
"453",2025-02-08,"BH",1,44,"TUT-169",60,NA,NA,65,NA,"BH_size_PM",NA,NA,NA,NA,NA,NA,NA,NA,NA,NA,NA,NA,13.4112,-14.330384,-170.812348,1,1,0,59
"454",2025-02-08,"BH",1,44,"TUT-169",60,NA,NA,70,NA,"BH_size_PM",NA,NA,NA,NA,NA,NA,NA,NA,NA,NA,NA,NA,13.4112,-14.330384,-170.812348,1,1,0,59
"455",2025-02-08,"BH",1,44,"TUT-169",60,NA,NA,25,NA,"BH_size_PM",NA,NA,NA,NA,NA,NA,NA,NA,NA,NA,NA,NA,13.4112,-14.330384,-170.812348,1,1,0,59
"456",2025-02-08,"BH",1,44,"TUT-169",60,NA,NA,5,NA,"BH_size_PM",NA,NA,NA,NA,NA,NA,NA,NA,NA,NA,NA,NA,13.4112,-14.330384,-170.812348,1,1,0,59
"457",2025-02-08,"BH",1,44,"TUT-169",60,NA,NA,2,NA,"BH_size_PM",NA,NA,NA,NA,NA,NA,NA,NA,NA,NA,NA,NA,13.4112,-14.330384,-170.812348,1,1,0,59
"458",2025-02-08,"BH",1,44,"TUT-169",60,NA,NA,85,NA,"BH_size_PM",NA,NA,NA,NA,NA,NA,NA,NA,NA,NA,NA,NA,13.4112,-14.330384,-170.812348,1,1,0,59
"459",2025-02-08,"BH",1,44,"TUT-169",60,NA,NA,90,NA,"BH_size_PM",NA,NA,NA,NA,NA,NA,NA,NA,NA,NA,NA,NA,13.4112,-14.330384,-170.812348,1,1,0,59
"460",2025-02-08,"BH",1,28,"TUT-168",60,65,2,1,"Classic","BH_size_PM",NA,NA,NA,NA,NA,NA,NA,NA,NA,NA,NA,NA,8.5344,-14.360877,-170.781335,1,1,2,215
"461",2025-02-08,"BH",1,28,"TUT-168",60,NA,NA,25,NA,"BH_size_PM",NA,NA,NA,NA,NA,NA,NA,NA,NA,NA,NA,NA,8.5344,-14.360877,-170.781335,1,1,2,215
"462",2025-02-08,"BH",1,28,"TUT-168",60,NA,NA,25,NA,"BH_size_PM",NA,NA,NA,NA,NA,NA,NA,NA,NA,NA,NA,NA,8.5344,-14.360877,-170.781335,1,1,2,215
"463",2025-02-08,"BH",1,28,"TUT-168",60,NA,NA,5,NA,"BH_size_PM",NA,NA,NA,NA,NA,NA,NA,NA,NA,NA,NA,NA,8.5344,-14.360877,-170.781335,1,1,2,215
"464",2025-02-08,"BH",1,28,"TUT-168",60,NA,NA,0,NA,"BH_size_PM",NA,NA,NA,NA,NA,NA,NA,NA,NA,NA,NA,NA,8.5344,-14.360877,-170.781335,1,1,2,215
"465",2025-02-08,"BH",1,28,"TUT-168",60,NA,NA,30,NA,"BH_size_PM",NA,NA,NA,NA,NA,NA,NA,NA,NA,NA,NA,NA,8.5344,-14.360877,-170.781335,1,1,2,215
"466",2025-02-08,"BH",1,28,"TUT-168",60,NA,NA,5,NA,"BH_size_PM",NA,NA,NA,NA,NA,NA,NA,NA,NA,NA,NA,NA,8.5344,-14.360877,-170.781335,1,1,2,215
"467",2025-02-08,"BH",1,28,"TUT-168",60,NA,NA,0,NA,"BH_size_PM",NA,NA,NA,NA,NA,NA,NA,NA,NA,NA,NA,NA,8.5344,-14.360877,-170.781335,1,1,2,215
"468",2025-02-08,"BH",1,28,"TUT-168",60,NA,NA,50,NA,"BH_size_PM",NA,NA,NA,NA,NA,NA,NA,NA,NA,NA,NA,NA,8.5344,-14.360877,-170.781335,1,1,2,215
"469",2025-02-08,"BH",1,28,"TUT-168",60,NA,NA,40,NA,"BH_size_PM",NA,NA,NA,NA,NA,NA,NA,NA,NA,NA,NA,NA,8.5344,-14.360877,-170.781335,1,1,2,215
"470",2025-02-08,"BH",1,28,"TUT-168",60,NA,NA,55,NA,"BH_size_PM",NA,NA,NA,NA,NA,NA,NA,NA,NA,NA,NA,NA,8.5344,-14.360877,-170.781335,1,1,2,215
"471",2025-02-08,"BH",1,28,"TUT-168",60,NA,NA,20,NA,"BH_size_PM",NA,NA,NA,NA,NA,NA,NA,NA,NA,NA,NA,NA,8.5344,-14.360877,-170.781335,1,1,2,215
"472",2025-02-08,"BH",1,28,"TUT-168",60,NA,NA,5,NA,"BH_size_PM",NA,NA,NA,NA,NA,NA,NA,NA,NA,NA,NA,NA,8.5344,-14.360877,-170.781335,1,1,2,215
"473",2025-02-08,"BH",1,28,"TUT-168",60,NA,NA,10,NA,"BH_size_PM",NA,NA,NA,NA,NA,NA,NA,NA,NA,NA,NA,NA,8.5344,-14.360877,-170.781335,1,1,2,215
"474",2025-02-08,"BH",1,28,"TUT-168",60,NA,NA,20,NA,"BH_size_PM",NA,NA,NA,NA,NA,NA,NA,NA,NA,NA,NA,NA,8.5344,-14.360877,-170.781335,1,1,2,215
"475",2025-02-08,"BH",1,28,"TUT-168",60,NA,NA,10,NA,"BH_size_PM",NA,NA,NA,NA,NA,NA,NA,NA,NA,NA,NA,NA,8.5344,-14.360877,-170.781335,1,1,2,215
"476",2025-02-08,"BH",1,28,"TUT-168",60,NA,NA,5,NA,"BH_size_PM",NA,NA,NA,NA,NA,NA,NA,NA,NA,NA,NA,NA,8.5344,-14.360877,-170.781335,1,1,2,215
"477",2025-02-08,"BH",1,28,"TUT-168",60,NA,NA,1,NA,"BH_size_PM",NA,NA,NA,NA,NA,NA,NA,NA,NA,NA,NA,NA,8.5344,-14.360877,-170.781335,1,1,2,215
"478",2025-02-08,"BH",1,28,"TUT-168",60,NA,NA,0,NA,"BH_size_PM",NA,NA,NA,NA,NA,NA,NA,NA,NA,NA,NA,NA,8.5344,-14.360877,-170.781335,1,1,2,215
"479",2025-02-08,"BH",1,28,"TUT-168",60,NA,NA,0,NA,"BH_size_PM",NA,NA,NA,NA,NA,NA,NA,NA,NA,NA,NA,NA,8.5344,-14.360877,-170.781335,1,1,2,215
"480",2025-02-08,"BH",1,28,"TUT-168",60,NA,NA,20,NA,"BH_size_PM",NA,NA,NA,NA,NA,NA,NA,NA,NA,NA,NA,NA,8.5344,-14.360877,-170.781335,1,1,2,215
"481",2025-02-08,"BH",1,28,"TUT-168",60,NA,NA,15,NA,"BH_size_PM",NA,NA,NA,NA,NA,NA,NA,NA,NA,NA,NA,NA,8.5344,-14.360877,-170.781335,1,1,2,215
"482",2025-02-08,"BH",1,28,"TUT-168",60,NA,NA,75,NA,"BH_size_PM",NA,NA,NA,NA,NA,NA,NA,NA,NA,NA,NA,NA,8.5344,-14.360877,-170.781335,1,1,2,215
"483",2025-02-08,"BH",1,28,"TUT-168",60,NA,NA,30,NA,"BH_size_PM",NA,NA,NA,NA,NA,NA,NA,NA,NA,NA,NA,NA,8.5344,-14.360877,-170.781335,1,1,2,215
"484",2025-02-08,"BH",1,28,"TUT-168",60,NA,NA,5,NA,"BH_size_PM",NA,NA,NA,NA,NA,NA,NA,NA,NA,NA,NA,NA,8.5344,-14.360877,-170.781335,1,1,2,215
"485",2025-02-08,"BH",1,28,"TUT-168",60,NA,NA,5,NA,"BH_size_PM",NA,NA,NA,NA,NA,NA,NA,NA,NA,NA,NA,NA,8.5344,-14.360877,-170.781335,1,1,2,215
"486",2025-02-08,"BH",1,28,"TUT-168",60,NA,NA,80,NA,"BH_size_PM",NA,NA,NA,NA,NA,NA,NA,NA,NA,NA,NA,NA,8.5344,-14.360877,-170.781335,1,1,2,215
"487",2025-02-08,"BH",1,28,"TUT-168",60,NA,NA,0,NA,"BH_size_PM",NA,NA,NA,NA,NA,NA,NA,NA,NA,NA,NA,NA,8.5344,-14.360877,-170.781335,1,1,2,215
"488",2025-02-08,"BH",1,28,"TUT-168",60,NA,NA,5,NA,"BH_size_PM",NA,NA,NA,NA,NA,NA,NA,NA,NA,NA,NA,NA,8.5344,-14.360877,-170.781335,1,1,2,215
"489",2025-02-08,"BH",1,28,"TUT-168",60,NA,NA,5,NA,"BH_size_PM",NA,NA,NA,NA,NA,NA,NA,NA,NA,NA,NA,NA,8.5344,-14.360877,-170.781335,1,1,2,215
"490",2025-02-08,"BH",1,22,"TUT-143",60,NA,NA,5,NA,"BH_size_PM",NA,NA,NA,NA,NA,NA,NA,NA,NA,NA,NA,NA,6.7056,-14.365158,-170.761604,1,1,2,37
"491",2025-02-08,"BH",1,22,"TUT-143",60,NA,NA,0,NA,"BH_size_PM",NA,NA,NA,NA,NA,NA,NA,NA,NA,NA,NA,NA,6.7056,-14.365158,-170.761604,1,1,2,37
"492",2025-02-08,"BH",1,22,"TUT-143",60,NA,NA,0,NA,"BH_size_PM",NA,NA,NA,NA,NA,NA,NA,NA,NA,NA,NA,NA,6.7056,-14.365158,-170.761604,1,1,2,37
"493",2025-02-08,"BH",1,22,"TUT-143",60,NA,NA,5,NA,"BH_size_PM",NA,NA,NA,NA,NA,NA,NA,NA,NA,NA,NA,NA,6.7056,-14.365158,-170.761604,1,1,2,37
"494",2025-02-08,"BH",1,22,"TUT-143",60,NA,NA,1,NA,"BH_size_PM",NA,NA,NA,NA,NA,NA,NA,NA,NA,NA,NA,NA,6.7056,-14.365158,-170.761604,1,1,2,37
"495",2025-02-08,"BH",1,22,"TUT-143",60,NA,NA,0,NA,"BH_size_PM",NA,NA,NA,NA,NA,NA,NA,NA,NA,NA,NA,NA,6.7056,-14.365158,-170.761604,1,1,2,37
"496",2025-02-08,"BH",1,22,"TUT-143",60,NA,NA,0,NA,"BH_size_PM",NA,NA,NA,NA,NA,NA,NA,NA,NA,NA,NA,NA,6.7056,-14.365158,-170.761604,1,1,2,37
"497",2025-02-08,"BH",1,22,"TUT-143",60,NA,NA,25,NA,"BH_size_PM",NA,NA,NA,NA,NA,NA,NA,NA,NA,NA,NA,NA,6.7056,-14.365158,-170.761604,1,1,2,37
"498",2025-02-08,"BH",1,22,"TUT-143",60,NA,NA,0,NA,"BH_size_PM",NA,NA,NA,NA,NA,NA,NA,NA,NA,NA,NA,NA,6.7056,-14.365158,-170.761604,1,1,2,37
"499",2025-02-08,"BH",1,22,"TUT-143",60,NA,NA,0,NA,"BH_size_PM",NA,NA,NA,NA,NA,NA,NA,NA,NA,NA,NA,NA,6.7056,-14.365158,-170.761604,1,1,2,37
"500",2025-02-08,"BH",1,22,"TUT-143",60,NA,NA,0,NA,"BH_size_PM",NA,NA,NA,NA,NA,NA,NA,NA,NA,NA,NA,NA,6.7056,-14.365158,-170.761604,1,1,2,37
"501",2025-02-08,"BH",1,22,"TUT-143",60,NA,NA,35,NA,"BH_size_PM",NA,NA,NA,NA,NA,NA,NA,NA,NA,NA,NA,NA,6.7056,-14.365158,-170.761604,1,1,2,37
"502",2025-02-08,"BH",1,22,"TUT-143",60,NA,NA,1,NA,"BH_size_PM",NA,NA,NA,NA,NA,NA,NA,NA,NA,NA,NA,NA,6.7056,-14.365158,-170.761604,1,1,2,37
"503",2025-02-08,"BH",1,22,"TUT-143",60,NA,NA,5,NA,"BH_size_PM",NA,NA,NA,NA,NA,NA,NA,NA,NA,NA,NA,NA,6.7056,-14.365158,-170.761604,1,1,2,37
"504",2025-02-08,"BH",1,22,"TUT-143",60,NA,NA,75,NA,"BH_size_PM",NA,NA,NA,NA,NA,NA,NA,NA,NA,NA,NA,NA,6.7056,-14.365158,-170.761604,1,1,2,37
"505",2025-02-08,"BH",1,22,"TUT-143",60,NA,NA,0,NA,"BH_size_PM",NA,NA,NA,NA,NA,NA,NA,NA,NA,NA,NA,NA,6.7056,-14.365158,-170.761604,1,1,2,37
"506",2025-02-08,"BH",1,22,"TUT-143",60,NA,NA,5,NA,"BH_size_PM",NA,NA,NA,NA,NA,NA,NA,NA,NA,NA,NA,NA,6.7056,-14.365158,-170.761604,1,1,2,37
"507",2025-02-08,"BH",1,22,"TUT-143",60,NA,NA,10,NA,"BH_size_PM",NA,NA,NA,NA,NA,NA,NA,NA,NA,NA,NA,NA,6.7056,-14.365158,-170.761604,1,1,2,37
"508",2025-02-08,"BH",1,22,"TUT-143",60,NA,NA,0,NA,"BH_size_PM",NA,NA,NA,NA,NA,NA,NA,NA,NA,NA,NA,NA,6.7056,-14.365158,-170.761604,1,1,2,37
"509",2025-02-08,"BH",1,22,"TUT-143",60,NA,NA,10,NA,"BH_size_PM",NA,NA,NA,NA,NA,NA,NA,NA,NA,NA,NA,NA,6.7056,-14.365158,-170.761604,1,1,2,37
"510",2025-02-08,"BH",1,22,"TUT-143",60,NA,NA,0,NA,"BH_size_PM",NA,NA,NA,NA,NA,NA,NA,NA,NA,NA,NA,NA,6.7056,-14.365158,-170.761604,1,1,2,37
"511",2025-02-08,"BH",1,22,"TUT-143",60,NA,NA,10,NA,"BH_size_PM",NA,NA,NA,NA,NA,NA,NA,NA,NA,NA,NA,NA,6.7056,-14.365158,-170.761604,1,1,2,37
"512",2025-02-08,"BH",1,22,"TUT-143",60,NA,NA,0,NA,"BH_size_PM",NA,NA,NA,NA,NA,NA,NA,NA,NA,NA,NA,NA,6.7056,-14.365158,-170.761604,1,1,2,37
"513",2025-02-08,"BH",1,22,"TUT-143",60,NA,NA,0,NA,"BH_size_PM",NA,NA,NA,NA,NA,NA,NA,NA,NA,NA,NA,NA,6.7056,-14.365158,-170.761604,1,1,2,37
"514",2025-02-08,"BH",1,22,"TUT-143",60,NA,NA,0,NA,"BH_size_PM",NA,NA,NA,NA,NA,NA,NA,NA,NA,NA,NA,NA,6.7056,-14.365158,-170.761604,1,1,2,37
"515",2025-02-08,"BH",1,22,"TUT-143",60,NA,NA,0,NA,"BH_size_PM",NA,NA,NA,NA,NA,NA,NA,NA,NA,NA,NA,NA,6.7056,-14.365158,-170.761604,1,1,2,37
"516",2025-02-10,"BH",2,27,"TUT-201",60,33,2,NA,"BB","BH_size_PM",NA,NA,NA,NA,NA,NA,NA,NA,NA,NA,NA,NA,8.2296,-14.297134,-170.811783,1,1,4,0
"517",2025-02-11,"BH",1,34,"TUT-203",60,19,2,NA,"Classic","BH_size_PM",NA,NA,NA,NA,NA,NA,NA,NA,NA,NA,NA,NA,10.3632,-14.283693,-170.72293,1,0,1,0
"518",2025-02-11,"BH",1,48,"TUT-053",60,40,0,NA,"Classic","BH_size_PM",NA,NA,NA,NA,NA,NA,NA,NA,NA,NA,NA,NA,14.6304,-14.248415,-170.659327,1,0,6,0
"519",2025-02-11,"BH",1,48,"TUT-053",60,83,0,NA,"Funky","BH_size_PM",NA,NA,NA,NA,NA,NA,NA,NA,NA,NA,NA,NA,14.6304,-14.248415,-170.659327,1,0,6,0
"520",2025-02-12,"BH",1,38,"TUT-076",60,NA,NA,2,NA,"BH_size_PM",NA,NA,NA,NA,NA,NA,NA,NA,NA,NA,NA,NA,11.5824,-14.283504,-170.631611,1,1,0,11
"521",2025-02-12,"BH",1,38,"TUT-076",60,NA,NA,35,NA,"BH_size_PM",NA,NA,NA,NA,NA,NA,NA,NA,NA,NA,NA,NA,11.5824,-14.283504,-170.631611,1,1,0,11
"522",2025-02-12,"BH",1,38,"TUT-076",60,NA,NA,20,NA,"BH_size_PM",NA,NA,NA,NA,NA,NA,NA,NA,NA,NA,NA,NA,11.5824,-14.283504,-170.631611,1,1,0,11
"523",2025-02-12,"BH",1,38,"TUT-076",60,NA,NA,1,NA,"BH_size_PM",NA,NA,NA,NA,NA,NA,NA,NA,NA,NA,NA,NA,11.5824,-14.283504,-170.631611,1,1,0,11
"524",2025-02-12,"BH",1,39,"TUT-109",60,NA,NA,0,NA,"BH_size_PM",NA,NA,NA,NA,NA,NA,NA,NA,NA,NA,NA,NA,11.8872,-14.284747,-170.600404,1,1,0,607
"525",2025-02-12,"BH",1,39,"TUT-109",60,NA,NA,1,NA,"BH_size_PM",NA,NA,NA,NA,NA,NA,NA,NA,NA,NA,NA,NA,11.8872,-14.284747,-170.600404,1,1,0,607
"526",2025-02-12,"BH",1,39,"TUT-109",60,NA,NA,0,NA,"BH_size_PM",NA,NA,NA,NA,NA,NA,NA,NA,NA,NA,NA,NA,11.8872,-14.284747,-170.600404,1,1,0,607
"527",2025-02-12,"BH",1,39,"TUT-109",60,NA,NA,0,NA,"BH_size_PM",NA,NA,NA,NA,NA,NA,NA,NA,NA,NA,NA,NA,11.8872,-14.284747,-170.600404,1,1,0,607
"528",2025-02-12,"BH",1,39,"TUT-109",60,NA,NA,2,NA,"BH_size_PM",NA,NA,NA,NA,NA,NA,NA,NA,NA,NA,NA,NA,11.8872,-14.284747,-170.600404,1,1,0,607
"529",2025-02-12,"BH",1,39,"TUT-109",60,NA,NA,15,NA,"BH_size_PM",NA,NA,NA,NA,NA,NA,NA,NA,NA,NA,NA,NA,11.8872,-14.284747,-170.600404,1,1,0,607
"530",2025-02-12,"BH",1,39,"TUT-109",60,NA,NA,50,NA,"BH_size_PM",NA,NA,NA,NA,NA,NA,NA,NA,NA,NA,NA,NA,11.8872,-14.284747,-170.600404,1,1,0,607
"531",2025-02-12,"BH",1,39,"TUT-109",60,NA,NA,15,NA,"BH_size_PM",NA,NA,NA,NA,NA,NA,NA,NA,NA,NA,NA,NA,11.8872,-14.284747,-170.600404,1,1,0,607
"532",2025-02-12,"BH",1,39,"TUT-109",60,NA,NA,10,NA,"BH_size_PM",NA,NA,NA,NA,NA,NA,NA,NA,NA,NA,NA,NA,11.8872,-14.284747,-170.600404,1,1,0,607
"533",2025-02-12,"BH",1,39,"TUT-109",60,NA,NA,2,NA,"BH_size_PM",NA,NA,NA,NA,NA,NA,NA,NA,NA,NA,NA,NA,11.8872,-14.284747,-170.600404,1,1,0,607
"534",2025-02-12,"BH",1,39,"TUT-109",60,NA,NA,60,NA,"BH_size_PM",NA,NA,NA,NA,NA,NA,NA,NA,NA,NA,NA,NA,11.8872,-14.284747,-170.600404,1,1,0,607
"535",2025-02-12,"BH",1,39,"TUT-109",60,NA,NA,60,NA,"BH_size_PM",NA,NA,NA,NA,NA,NA,NA,NA,NA,NA,NA,NA,11.8872,-14.284747,-170.600404,1,1,0,607
"536",2025-02-12,"BH",1,39,"TUT-109",60,NA,NA,5,NA,"BH_size_PM",NA,NA,NA,NA,NA,NA,NA,NA,NA,NA,NA,NA,11.8872,-14.284747,-170.600404,1,1,0,607
"537",2025-02-12,"BH",1,39,"TUT-109",60,NA,NA,0,NA,"BH_size_PM",NA,NA,NA,NA,NA,NA,NA,NA,NA,NA,NA,NA,11.8872,-14.284747,-170.600404,1,1,0,607
"538",2025-02-12,"BH",1,39,"TUT-109",60,NA,NA,0,NA,"BH_size_PM",NA,NA,NA,NA,NA,NA,NA,NA,NA,NA,NA,NA,11.8872,-14.284747,-170.600404,1,1,0,607
"539",2025-02-12,"BH",1,39,"TUT-109",60,NA,NA,0,NA,"BH_size_PM",NA,NA,NA,NA,NA,NA,NA,NA,NA,NA,NA,NA,11.8872,-14.284747,-170.600404,1,1,0,607
"540",2025-02-12,"BH",1,39,"TUT-109",60,NA,NA,0,NA,"BH_size_PM",NA,NA,NA,NA,NA,NA,NA,NA,NA,NA,NA,NA,11.8872,-14.284747,-170.600404,1,1,0,607
"541",2025-02-12,"BH",1,39,"TUT-109",60,NA,NA,0,NA,"BH_size_PM",NA,NA,NA,NA,NA,NA,NA,NA,NA,NA,NA,NA,11.8872,-14.284747,-170.600404,1,1,0,607
"542",2025-02-12,"BH",1,39,"TUT-109",60,NA,NA,2,NA,"BH_size_PM",NA,NA,NA,NA,NA,NA,NA,NA,NA,NA,NA,NA,11.8872,-14.284747,-170.600404,1,1,0,607
"543",2025-02-12,"BH",1,39,"TUT-109",60,NA,NA,0,NA,"BH_size_PM",NA,NA,NA,NA,NA,NA,NA,NA,NA,NA,NA,NA,11.8872,-14.284747,-170.600404,1,1,0,607
"544",2025-02-12,"BH",1,39,"TUT-109",60,NA,NA,0,NA,"BH_size_PM",NA,NA,NA,NA,NA,NA,NA,NA,NA,NA,NA,NA,11.8872,-14.284747,-170.600404,1,1,0,607
"545",2025-02-12,"BH",1,39,"TUT-109",60,NA,NA,0,NA,"BH_size_PM",NA,NA,NA,NA,NA,NA,NA,NA,NA,NA,NA,NA,11.8872,-14.284747,-170.600404,1,1,0,607
"546",2025-02-12,"BH",1,39,"TUT-109",60,NA,NA,0,NA,"BH_size_PM",NA,NA,NA,NA,NA,NA,NA,NA,NA,NA,NA,NA,11.8872,-14.284747,-170.600404,1,1,0,607
"547",2025-02-12,"BH",1,39,"TUT-109",60,NA,NA,0,NA,"BH_size_PM",NA,NA,NA,NA,NA,NA,NA,NA,NA,NA,NA,NA,11.8872,-14.284747,-170.600404,1,1,0,607
"548",2025-02-12,"BH",1,39,"TUT-109",60,NA,NA,0,NA,"BH_size_PM",NA,NA,NA,NA,NA,NA,NA,NA,NA,NA,NA,NA,11.8872,-14.284747,-170.600404,1,1,0,607
"549",2025-02-12,"BH",1,39,"TUT-109",60,NA,NA,0,NA,"BH_size_PM",NA,NA,NA,NA,NA,NA,NA,NA,NA,NA,NA,NA,11.8872,-14.284747,-170.600404,1,1,0,607
"550",2025-02-12,"BH",1,39,"TUT-109",60,NA,NA,0,NA,"BH_size_PM",NA,NA,NA,NA,NA,NA,NA,NA,NA,NA,NA,NA,11.8872,-14.284747,-170.600404,1,1,0,607
"551",2025-02-12,"BH",1,39,"TUT-109",60,NA,NA,0,NA,"BH_size_PM",NA,NA,NA,NA,NA,NA,NA,NA,NA,NA,NA,NA,11.8872,-14.284747,-170.600404,1,1,0,607
"552",2025-02-12,"BH",1,39,"TUT-109",60,NA,NA,70,NA,"BH_size_PM",NA,NA,NA,NA,NA,NA,NA,NA,NA,NA,NA,NA,11.8872,-14.284747,-170.600404,1,1,0,607
"553",2025-02-12,"BH",1,39,"TUT-109",60,NA,NA,20,NA,"BH_size_PM",NA,NA,NA,NA,NA,NA,NA,NA,NA,NA,NA,NA,11.8872,-14.284747,-170.600404,1,1,0,607
"554",2025-02-13,"BH",1,39,"TUT-104",60,35,0,NA,"Classic","BH_size_PM",NA,NA,NA,NA,NA,NA,NA,NA,NA,NA,NA,NA,11.8872,-14.316648,-170.65397,1,1,4,0
"555",2025-02-13,"BH",1,39,"TUT-104",60,28,10,NA,"Funky","BH_size_PM",NA,NA,NA,NA,NA,NA,NA,NA,NA,NA,NA,NA,11.8872,-14.316648,-170.65397,1,1,4,0
"556",2025-02-13,"BH",1,39,"TUT-104",60,32,10,NA,"Funky","BH_size_PM",NA,NA,NA,NA,NA,NA,NA,NA,NA,NA,NA,NA,11.8872,-14.316648,-170.65397,1,1,4,0
"557",2025-02-13,"BH",1,26,"TUT-103",60,39,25,NA,"Classic","BH_size_PM",NA,NA,NA,NA,NA,NA,NA,NA,NA,NA,NA,NA,7.9248,-14.292398,-170.675569,1,0,2,0
"558",2025-02-13,"BH",1,26,"TUT-103",60,26,20,NA,"Classic","BH_size_PM",NA,NA,NA,NA,NA,NA,NA,NA,NA,NA,NA,NA,7.9248,-14.292398,-170.675569,1,0,2,0
"559",2025-02-13,"BH",1,51,"TUT-113",60,22,0,NA,"Classic","BH_size_PM",NA,NA,NA,NA,NA,NA,NA,NA,NA,NA,NA,NA,15.5448,-14.323617,-170.67021,1,1,6,0
"560",2025-02-13,"BH",1,51,"TUT-113",60,25,15,NA,"BB","BH_size_PM",NA,NA,NA,NA,NA,NA,NA,NA,NA,NA,NA,NA,15.5448,-14.323617,-170.67021,1,1,6,0
"561",2025-02-13,"BH",1,51,"TUT-113",60,40,0,NA,"Classic","BH_size_PM",NA,NA,NA,NA,NA,NA,NA,NA,NA,NA,NA,NA,15.5448,-14.323617,-170.67021,1,1,6,0
"562",2025-02-14,"BH",1,28,"TUT-093",60,72,25,0,"Classic","BH_size_PM",NA,NA,NA,NA,NA,NA,NA,NA,NA,NA,NA,NA,8.5344,-14.337165,-170.711077,1,1,8,18
"563",2025-02-14,"BH",1,28,"TUT-093",60,62,3,0,"Classic","BH_size_PM",NA,NA,NA,NA,NA,NA,NA,NA,NA,NA,NA,NA,8.5344,-14.337165,-170.711077,1,1,8,18
"564",2025-02-14,"BH",1,28,"TUT-093",60,44,3,5,"Classic","BH_size_PM",NA,NA,NA,NA,NA,NA,NA,NA,NA,NA,NA,NA,8.5344,-14.337165,-170.711077,1,1,8,18
"565",2025-02-14,"BH",1,28,"TUT-093",60,NA,NA,15,NA,"BH_size_PM",NA,NA,NA,NA,NA,NA,NA,NA,NA,NA,NA,NA,8.5344,-14.337165,-170.711077,1,1,8,18
"566",2025-02-14,"BH",1,28,"TUT-093",60,NA,NA,5,NA,"BH_size_PM",NA,NA,NA,NA,NA,NA,NA,NA,NA,NA,NA,NA,8.5344,-14.337165,-170.711077,1,1,8,18
"567",2025-02-14,"BH",1,28,"TUT-093",60,NA,NA,0,NA,"BH_size_PM",NA,NA,NA,NA,NA,NA,NA,NA,NA,NA,NA,NA,8.5344,-14.337165,-170.711077,1,1,8,18
"568",2025-02-14,"BH",1,28,"TUT-093",60,NA,NA,1,NA,"BH_size_PM",NA,NA,NA,NA,NA,NA,NA,NA,NA,NA,NA,NA,8.5344,-14.337165,-170.711077,1,1,8,18
"569",2025-02-14,"BH",1,28,"TUT-093",60,NA,NA,15,NA,"BH_size_PM",NA,NA,NA,NA,NA,NA,NA,NA,NA,NA,NA,NA,8.5344,-14.337165,-170.711077,1,1,8,18
"570",2025-02-14,"BH",1,32,"TUT-208",60,41,2,NA,"Classic","BH_size_PM",NA,NA,NA,NA,NA,NA,NA,NA,NA,NA,NA,NA,9.7536,-14.348332,-170.725342,1,1,3,1
"571",2025-02-14,"BH",1,37,"TUT-074",60,43,15,NA,"Classic","BH_size_PM",NA,NA,NA,NA,NA,NA,NA,NA,NA,NA,NA,NA,11.2776,-14.360978,-170.736214,1,1,7,2
"572",2025-02-14,"BH",1,37,"TUT-074",60,20,2,NA,"Classic","BH_size_PM",NA,NA,NA,NA,NA,NA,NA,NA,NA,NA,NA,NA,11.2776,-14.360978,-170.736214,1,1,7,2
"573",2025-02-14,"BH",1,37,"TUT-074",60,37,1,NA,"Classic","BH_size_PM",NA,NA,NA,NA,NA,NA,NA,NA,NA,NA,NA,NA,11.2776,-14.360978,-170.736214,1,1,7,2
"574",2025-02-14,"BH",1,37,"TUT-074",60,22,5,NA,"Classic","BH_size_PM",NA,NA,NA,NA,NA,NA,NA,NA,NA,NA,NA,NA,11.2776,-14.360978,-170.736214,1,1,7,2
"575",2025-02-14,"BH",1,25,"TUT-207",60,NA,NA,10,NA,"BH_size_PM",NA,NA,NA,NA,NA,NA,NA,NA,NA,NA,NA,NA,7.62,-14.303783,-170.683308,1,1,2,8
"576",2025-02-14,"BH",1,25,"TUT-207",60,NA,NA,35,NA,"BH_size_PM",NA,NA,NA,NA,NA,NA,NA,NA,NA,NA,NA,NA,7.62,-14.303783,-170.683308,1,1,2,8
"577",2025-02-14,"BH",1,25,"TUT-207",60,NA,NA,20,NA,"BH_size_PM",NA,NA,NA,NA,NA,NA,NA,NA,NA,NA,NA,NA,7.62,-14.303783,-170.683308,1,1,2,8
"578",2025-02-14,"BH",1,40,"TUT-091",60,NA,NA,15,NA,"BH_size_PM",NA,NA,NA,NA,NA,NA,NA,NA,NA,NA,NA,NA,12.192,-14.278903,-170.586065,1,1,1,54
"579",2025-02-14,"BH",1,40,"TUT-091",60,NA,NA,50,NA,"BH_size_PM",NA,NA,NA,NA,NA,NA,NA,NA,NA,NA,NA,NA,12.192,-14.278903,-170.586065,1,1,1,54
"580",2025-02-14,"BH",1,40,"TUT-091",60,NA,NA,80,NA,"BH_size_PM",NA,NA,NA,NA,NA,NA,NA,NA,NA,NA,NA,NA,12.192,-14.278903,-170.586065,1,1,1,54
"581",2025-02-14,"BH",1,40,"TUT-091",60,NA,NA,15,NA,"BH_size_PM",NA,NA,NA,NA,NA,NA,NA,NA,NA,NA,NA,NA,12.192,-14.278903,-170.586065,1,1,1,54
"582",2025-02-14,"BH",1,40,"TUT-091",60,NA,NA,2,NA,"BH_size_PM",NA,NA,NA,NA,NA,NA,NA,NA,NA,NA,NA,NA,12.192,-14.278903,-170.586065,1,1,1,54
"583",2025-02-14,"BH",1,40,"TUT-091",60,NA,NA,15,NA,"BH_size_PM",NA,NA,NA,NA,NA,NA,NA,NA,NA,NA,NA,NA,12.192,-14.278903,-170.586065,1,1,1,54
"584",2025-02-14,"BH",1,40,"TUT-091",60,NA,NA,3,NA,"BH_size_PM",NA,NA,NA,NA,NA,NA,NA,NA,NA,NA,NA,NA,12.192,-14.278903,-170.586065,1,1,1,54
"585",2025-02-14,"BH",1,40,"TUT-091",60,NA,NA,10,NA,"BH_size_PM",NA,NA,NA,NA,NA,NA,NA,NA,NA,NA,NA,NA,12.192,-14.278903,-170.586065,1,1,1,54
"586",2025-02-14,"BH",1,40,"TUT-091",60,NA,NA,85,NA,"BH_size_PM",NA,NA,NA,NA,NA,NA,NA,NA,NA,NA,NA,NA,12.192,-14.278903,-170.586065,1,1,1,54
"587",2025-02-14,"BH",1,40,"TUT-091",60,NA,NA,1,NA,"BH_size_PM",NA,NA,NA,NA,NA,NA,NA,NA,NA,NA,NA,NA,12.192,-14.278903,-170.586065,1,1,1,54
"588",2025-02-14,"BH",1,40,"TUT-091",60,NA,NA,100,NA,"BH_size_PM",NA,NA,NA,NA,NA,NA,NA,NA,NA,NA,NA,NA,12.192,-14.278903,-170.586065,1,1,1,54
"589",2025-02-14,"BH",1,40,"TUT-091",60,NA,NA,25,NA,"BH_size_PM",NA,NA,NA,NA,NA,NA,NA,NA,NA,NA,NA,NA,12.192,-14.278903,-170.586065,1,1,1,54
"590",2025-02-14,"BH",1,40,"TUT-091",60,NA,NA,80,NA,"BH_size_PM",NA,NA,NA,NA,NA,NA,NA,NA,NA,NA,NA,NA,12.192,-14.278903,-170.586065,1,1,1,54
"591",2025-02-14,"BH",1,40,"TUT-091",60,NA,NA,65,NA,"BH_size_PM",NA,NA,NA,NA,NA,NA,NA,NA,NA,NA,NA,NA,12.192,-14.278903,-170.586065,1,1,1,54
"592",2025-02-14,"BH",1,40,"TUT-091",60,NA,NA,70,NA,"BH_size_PM",NA,NA,NA,NA,NA,NA,NA,NA,NA,NA,NA,NA,12.192,-14.278903,-170.586065,1,1,1,54
"593",2025-02-14,"BH",1,40,"TUT-091",60,NA,NA,50,NA,"BH_size_PM",NA,NA,NA,NA,NA,NA,NA,NA,NA,NA,NA,NA,12.192,-14.278903,-170.586065,1,1,1,54
"594",2025-02-14,"BH",1,40,"TUT-091",60,NA,NA,75,NA,"BH_size_PM",NA,NA,NA,NA,NA,NA,NA,NA,NA,NA,NA,NA,12.192,-14.278903,-170.586065,1,1,1,54
"595",2025-02-14,"BH",1,40,"TUT-091",60,NA,NA,50,NA,"BH_size_PM",NA,NA,NA,NA,NA,NA,NA,NA,NA,NA,NA,NA,12.192,-14.278903,-170.586065,1,1,1,54
